-- MySQL dump 10.13  Distrib 8.0.45, for Linux (x86_64)
--
-- Host: localhost    Database: lab_management
-- ------------------------------------------------------
-- Server version	8.0.45

/*!40101 SET @OLD_CHARACTER_SET_CLIENT=@@CHARACTER_SET_CLIENT */;
/*!40101 SET @OLD_CHARACTER_SET_RESULTS=@@CHARACTER_SET_RESULTS */;
/*!40101 SET @OLD_COLLATION_CONNECTION=@@COLLATION_CONNECTION */;
/*!50503 SET NAMES utf8mb4 */;
/*!40103 SET @OLD_TIME_ZONE=@@TIME_ZONE */;
/*!40103 SET TIME_ZONE='+00:00' */;
/*!40014 SET @OLD_UNIQUE_CHECKS=@@UNIQUE_CHECKS, UNIQUE_CHECKS=0 */;
/*!40014 SET @OLD_FOREIGN_KEY_CHECKS=@@FOREIGN_KEY_CHECKS, FOREIGN_KEY_CHECKS=0 */;
/*!40101 SET @OLD_SQL_MODE=@@SQL_MODE, SQL_MODE='NO_AUTO_VALUE_ON_ZERO' */;
/*!40111 SET @OLD_SQL_NOTES=@@SQL_NOTES, SQL_NOTES=0 */;

--
-- Table structure for table `alert_record`
--

DROP TABLE IF EXISTS `alert_record`;
/*!40101 SET @saved_cs_client     = @@character_set_client */;
/*!50503 SET character_set_client = utf8mb4 */;
CREATE TABLE `alert_record` (
  `id` bigint NOT NULL AUTO_INCREMENT COMMENT 'è®°å½•ID',
  `alert_type` tinyint NOT NULL COMMENT 'é¢„è­¦ç±»åž‹:1-ä½Žåº“å­˜,2-æœ‰æ•ˆæœŸ,3-å¼‚å¸¸æ¶ˆè€—,4-è´¦å®žå·®å¼‚,5-èµ„è´¨è¿‡æœŸ',
  `alert_level` tinyint NOT NULL COMMENT 'é¢„è­¦çº§åˆ«:1-æç¤º,2-è­¦å‘Š,3-ä¸¥é‡',
  `business_type` varchar(50) NOT NULL COMMENT 'ä¸šåŠ¡ç±»åž‹',
  `business_id` bigint DEFAULT NULL COMMENT 'ä¸šåŠ¡ID',
  `alert_title` varchar(200) NOT NULL COMMENT 'é¢„è­¦æ ‡é¢˜',
  `alert_content` text NOT NULL COMMENT 'é¢„è­¦å†…å®¹',
  `alert_time` datetime NOT NULL COMMENT 'é¢„è­¦æ—¶é—´',
  `status` tinyint DEFAULT '1' COMMENT 'çŠ¶æ€:1-æœªå¤„ç†,2-å·²å¤„ç†,3-å·²å¿½ç•¥',
  `handler_id` bigint DEFAULT NULL COMMENT 'å¤„ç†äººID',
  `handle_time` datetime DEFAULT NULL COMMENT 'å¤„ç†æ—¶é—´',
  `handle_remark` text COMMENT 'å¤„ç†è¯´æ˜Ž',
  `created_time` datetime DEFAULT CURRENT_TIMESTAMP COMMENT 'åˆ›å»ºæ—¶é—´',
  PRIMARY KEY (`id`),
  KEY `idx_alert_type` (`alert_type`),
  KEY `idx_alert_level` (`alert_level`),
  KEY `idx_status` (`status`),
  KEY `idx_alert_time` (`alert_time`)
) ENGINE=InnoDB AUTO_INCREMENT=10 DEFAULT CHARSET=utf8mb4 COLLATE=utf8mb4_0900_ai_ci COMMENT='é¢„è­¦è®°å½•è¡¨';
/*!40101 SET character_set_client = @saved_cs_client */;

--
-- Dumping data for table `alert_record`
--

LOCK TABLES `alert_record` WRITE;
/*!40000 ALTER TABLE `alert_record` DISABLE KEYS */;
INSERT INTO `alert_record` VALUES (1,1,2,'STOCK_INVENTORY',1,'低库存预警','药品ID: 1, 当前可用库存: 2.00, 低于安全库存: 100','2026-03-17 18:00:00',1,NULL,NULL,NULL,NULL),(2,1,2,'STOCK_INVENTORY',2,'低库存预警','药品ID: 1, 当前可用库存: 3.00, 低于安全库存: 100','2026-03-17 18:00:00',1,NULL,NULL,NULL,NULL),(3,1,2,'STOCK_INVENTORY',3,'低库存预警','药品ID: 1, 当前可用库存: 6.00, 低于安全库存: 100','2026-03-17 18:00:00',1,NULL,NULL,NULL,NULL),(4,1,2,'STOCK_INVENTORY',4,'低库存预警','药品ID: 1, 当前可用库存: 16.00, 低于安全库存: 100','2026-03-17 18:00:00',1,NULL,NULL,NULL,NULL),(5,1,2,'STOCK_INVENTORY',5,'低库存预警','药品ID: 2, 当前可用库存: 5.00, 低于安全库存: 100','2026-03-17 19:00:00',1,NULL,NULL,NULL,NULL),(6,1,2,'STOCK_INVENTORY',6,'低库存预警','药品ID: 1, 当前可用库存: 2.00, 低于安全库存: 100','2026-03-17 21:00:00',1,NULL,NULL,NULL,NULL),(7,1,2,'STOCK_INVENTORY',7,'低库存预警','药品ID: 27, 当前可用库存: 3.00, 低于安全库存: 100','2026-03-17 23:00:02',1,NULL,NULL,NULL,NULL),(8,4,3,'HAZARDOUS_MATERIAL',27,'危化品账实差异预警','危化品: 硫酸(98%)\n账面库存: 3.00 瓶\n已领用未归还: 2.00 瓶\n实际库存: 1.00 瓶\n账实差异: 66.67%\n预警原因: 账实差异绝对值超过5%','2026-03-18 02:00:01',1,NULL,NULL,NULL,NULL),(9,1,2,'STOCK_INVENTORY',8,'低库存预警','药品ID: 3, 当前可用库存: 19.00, 低于安全库存: 100','2026-03-18 12:00:00',1,NULL,NULL,NULL,NULL);
/*!40000 ALTER TABLE `alert_record` ENABLE KEYS */;
UNLOCK TABLES;

--
-- Table structure for table `approval_flow_config`
--

DROP TABLE IF EXISTS `approval_flow_config`;
/*!40101 SET @saved_cs_client     = @@character_set_client */;
/*!50503 SET character_set_client = utf8mb4 */;
CREATE TABLE `approval_flow_config` (
  `id` bigint NOT NULL AUTO_INCREMENT COMMENT 'é…ç½®ID',
  `flow_code` varchar(50) NOT NULL COMMENT 'æµç¨‹ç¼–ç ',
  `flow_name` varchar(100) NOT NULL COMMENT 'æµç¨‹åç§°',
  `business_type` tinyint NOT NULL COMMENT 'ä¸šåŠ¡ç±»åž‹:1-æ™®é€šé¢†ç”¨,2-å±åŒ–å“é¢†ç”¨',
  `flow_definition` text NOT NULL COMMENT 'æµç¨‹å®šä¹‰(JSON)',
  `status` tinyint DEFAULT '1' COMMENT 'çŠ¶æ€:0-åœç”¨,1-å¯ç”¨',
  `created_time` datetime DEFAULT CURRENT_TIMESTAMP COMMENT 'åˆ›å»ºæ—¶é—´',
  `updated_time` datetime DEFAULT CURRENT_TIMESTAMP ON UPDATE CURRENT_TIMESTAMP COMMENT 'æ›´æ–°æ—¶é—´',
  PRIMARY KEY (`id`),
  UNIQUE KEY `flow_code` (`flow_code`),
  KEY `idx_flow_code` (`flow_code`),
  KEY `idx_business_type` (`business_type`)
) ENGINE=InnoDB AUTO_INCREMENT=2 DEFAULT CHARSET=utf8mb4 COLLATE=utf8mb4_0900_ai_ci COMMENT='å®¡æ‰¹æµç¨‹é…ç½®è¡¨';
/*!40101 SET character_set_client = @saved_cs_client */;

--
-- Dumping data for table `approval_flow_config`
--

LOCK TABLES `approval_flow_config` WRITE;
/*!40000 ALTER TABLE `approval_flow_config` DISABLE KEYS */;
INSERT INTO `approval_flow_config` VALUES (1,'NORMAL_APPLY','普通领用审批流程',1,'{\"levels\":[{\"level\":1,\"approverRole\":\"LAB_MANAGER\",\"approverName\":\"实验室负责人\"}]}',1,'2026-03-17 19:06:34','2026-03-17 19:06:34');
/*!40000 ALTER TABLE `approval_flow_config` ENABLE KEYS */;
UNLOCK TABLES;

--
-- Table structure for table `approval_record`
--

DROP TABLE IF EXISTS `approval_record`;
/*!40101 SET @saved_cs_client     = @@character_set_client */;
/*!50503 SET character_set_client = utf8mb4 */;
CREATE TABLE `approval_record` (
  `id` bigint NOT NULL AUTO_INCREMENT COMMENT 'è®°å½•ID',
  `application_id` bigint NOT NULL COMMENT 'ç”³è¯·å•ID',
  `application_no` varchar(50) NOT NULL COMMENT 'ç”³è¯·å•å·',
  `approver_id` bigint NOT NULL COMMENT 'å®¡æ‰¹äººID',
  `approver_name` varchar(50) NOT NULL COMMENT 'å®¡æ‰¹äººå§“å',
  `approval_level` int NOT NULL COMMENT 'å®¡æ‰¹å±‚çº§',
  `approval_result` tinyint NOT NULL COMMENT 'å®¡æ‰¹ç»“æžœ:1-é€šè¿‡,2-æ‹’ç»',
  `approval_opinion` text COMMENT 'å®¡æ‰¹æ„è§',
  `approval_time` datetime NOT NULL COMMENT 'å®¡æ‰¹æ—¶é—´',
  `created_time` datetime DEFAULT CURRENT_TIMESTAMP COMMENT 'åˆ›å»ºæ—¶é—´',
  PRIMARY KEY (`id`),
  KEY `idx_application_id` (`application_id`),
  KEY `idx_approver_id` (`approver_id`),
  KEY `idx_approval_time` (`approval_time`)
) ENGINE=InnoDB AUTO_INCREMENT=8 DEFAULT CHARSET=utf8mb4 COLLATE=utf8mb4_0900_ai_ci COMMENT='å®¡æ‰¹è®°å½•è¡¨';
/*!40101 SET character_set_client = @saved_cs_client */;

--
-- Dumping data for table `approval_record`
--

LOCK TABLES `approval_record` WRITE;
/*!40000 ALTER TABLE `approval_record` DISABLE KEYS */;
INSERT INTO `approval_record` VALUES (1,3,'APP20260317764903',2,'审批人',1,1,'','2026-03-17 19:08:38','2026-03-17 19:08:38'),(2,2,'APP20260317140831',2,'审批人',1,1,'??????','2026-03-17 19:26:00','2026-03-17 19:26:00'),(3,4,'APP20260317296886',2,'审批人',1,1,'??','2026-03-17 19:31:39','2026-03-17 19:31:39'),(4,5,'APP20260317228584',2,'审批人',1,1,'','2026-03-17 19:36:16','2026-03-17 19:36:16'),(5,6,'APP20260317215562',2,'审批人',1,1,'health-check pass','2026-03-17 20:44:28','2026-03-17 20:44:28'),(6,7,'APP20260317629086',2,'审批人',1,1,'','2026-03-17 22:15:54','2026-03-17 22:15:54'),(7,8,'APP20260318724847',1,'admin',1,1,'','2026-03-18 11:11:42','2026-03-18 11:11:42');
/*!40000 ALTER TABLE `approval_record` ENABLE KEYS */;
UNLOCK TABLES;

--
-- Table structure for table `audit_log`
--

DROP TABLE IF EXISTS `audit_log`;
/*!40101 SET @saved_cs_client     = @@character_set_client */;
/*!50503 SET character_set_client = utf8mb4 */;
CREATE TABLE `audit_log` (
  `id` bigint NOT NULL AUTO_INCREMENT COMMENT 'æ—¥å¿—ID',
  `user_id` bigint DEFAULT NULL COMMENT 'æ“ä½œäººID',
  `username` varchar(50) DEFAULT NULL COMMENT 'æ“ä½œäººç”¨æˆ·å',
  `real_name` varchar(50) DEFAULT NULL COMMENT 'æ“ä½œäººå§“å',
  `operation_type` varchar(50) NOT NULL COMMENT 'æ“ä½œç±»åž‹',
  `business_type` varchar(50) NOT NULL COMMENT 'ä¸šåŠ¡ç±»åž‹',
  `business_id` bigint DEFAULT NULL COMMENT 'ä¸šåŠ¡ID',
  `operation_desc` varchar(500) NOT NULL COMMENT 'æ“ä½œæè¿°',
  `request_method` varchar(10) DEFAULT NULL COMMENT 'è¯·æ±‚æ–¹æ³•',
  `request_url` varchar(500) DEFAULT NULL COMMENT 'è¯·æ±‚URL',
  `request_params` text COMMENT 'è¯·æ±‚å‚æ•°',
  `response_result` text COMMENT 'å“åº”ç»“æžœ',
  `ip_address` varchar(50) DEFAULT NULL COMMENT 'IPåœ°å€',
  `user_agent` varchar(500) DEFAULT NULL COMMENT 'ç”¨æˆ·ä»£ç†',
  `operation_time` datetime NOT NULL COMMENT 'æ“ä½œæ—¶é—´',
  `execution_time` int DEFAULT NULL COMMENT 'æ‰§è¡Œæ—¶é•¿(ms)',
  `status` tinyint DEFAULT '1' COMMENT 'çŠ¶æ€:1-æˆåŠŸ,2-å¤±è´¥',
  `error_message` text COMMENT 'é”™è¯¯ä¿¡æ¯',
  `created_time` datetime DEFAULT CURRENT_TIMESTAMP COMMENT 'åˆ›å»ºæ—¶é—´',
  PRIMARY KEY (`id`),
  KEY `idx_user_id` (`user_id`),
  KEY `idx_operation_type` (`operation_type`),
  KEY `idx_business_type` (`business_type`),
  KEY `idx_operation_time` (`operation_time`)
) ENGINE=InnoDB DEFAULT CHARSET=utf8mb4 COLLATE=utf8mb4_0900_ai_ci COMMENT='æ“ä½œæ—¥å¿—è¡¨';
/*!40101 SET character_set_client = @saved_cs_client */;

--
-- Dumping data for table `audit_log`
--

LOCK TABLES `audit_log` WRITE;
/*!40000 ALTER TABLE `audit_log` DISABLE KEYS */;
/*!40000 ALTER TABLE `audit_log` ENABLE KEYS */;
UNLOCK TABLES;

--
-- Table structure for table `hazardous_usage_record`
--

DROP TABLE IF EXISTS `hazardous_usage_record`;
/*!40101 SET @saved_cs_client     = @@character_set_client */;
/*!50503 SET character_set_client = utf8mb4 */;
CREATE TABLE `hazardous_usage_record` (
  `id` bigint NOT NULL AUTO_INCREMENT COMMENT 'è®°å½•ID',
  `application_id` bigint NOT NULL COMMENT 'ç”³è¯·å•ID',
  `material_id` bigint NOT NULL COMMENT 'è¯å“ID',
  `user_id` bigint NOT NULL COMMENT 'ä½¿ç”¨äººID',
  `user_name` varchar(50) NOT NULL COMMENT 'ä½¿ç”¨äººå§“å',
  `received_quantity` decimal(10,2) NOT NULL COMMENT 'é¢†ç”¨æ•°é‡',
  `actual_used_quantity` decimal(10,2) DEFAULT NULL COMMENT 'å®žé™…ä½¿ç”¨æ•°é‡',
  `returned_quantity` decimal(10,2) DEFAULT NULL COMMENT 'å½’è¿˜æ•°é‡',
  `waste_quantity` decimal(10,2) DEFAULT NULL COMMENT 'åºŸå¼ƒæ•°é‡',
  `usage_date` date NOT NULL COMMENT 'ä½¿ç”¨æ—¥æœŸ',
  `return_date` date DEFAULT NULL COMMENT 'å½’è¿˜æ—¥æœŸ',
  `usage_location` varchar(200) DEFAULT NULL COMMENT 'ä½¿ç”¨åœ°ç‚¹',
  `usage_purpose` varchar(500) DEFAULT NULL COMMENT 'ä½¿ç”¨ç›®çš„',
  `status` tinyint DEFAULT '1' COMMENT 'çŠ¶æ€:1-ä½¿ç”¨ä¸­,2-å·²å½’è¿˜,3-å·²å®Œæˆ',
  `remark` text COMMENT 'å¤‡æ³¨',
  `created_time` datetime DEFAULT CURRENT_TIMESTAMP COMMENT 'åˆ›å»ºæ—¶é—´',
  `updated_time` datetime DEFAULT CURRENT_TIMESTAMP ON UPDATE CURRENT_TIMESTAMP COMMENT 'æ›´æ–°æ—¶é—´',
  PRIMARY KEY (`id`),
  KEY `idx_application_id` (`application_id`),
  KEY `idx_material_id` (`material_id`),
  KEY `idx_user_id` (`user_id`),
  KEY `idx_usage_date` (`usage_date`)
) ENGINE=InnoDB AUTO_INCREMENT=3 DEFAULT CHARSET=utf8mb4 COLLATE=utf8mb4_0900_ai_ci COMMENT='å±åŒ–å“ä½¿ç”¨è®°å½•è¡¨';
/*!40101 SET character_set_client = @saved_cs_client */;

--
-- Dumping data for table `hazardous_usage_record`
--

LOCK TABLES `hazardous_usage_record` WRITE;
/*!40000 ALTER TABLE `hazardous_usage_record` DISABLE KEYS */;
INSERT INTO `hazardous_usage_record` VALUES (1,7,27,1,'测试用户',2.00,NULL,NULL,NULL,'2026-03-17',NULL,'123232教室','做实验',1,NULL,'2026-03-17 22:16:57','2026-03-17 22:16:57'),(2,8,3,1,'admin',1.00,NULL,NULL,NULL,'2026-03-18',NULL,'','做实验',1,NULL,'2026-03-18 11:11:58','2026-03-18 11:11:58');
/*!40000 ALTER TABLE `hazardous_usage_record` ENABLE KEYS */;
UNLOCK TABLES;

--
-- Table structure for table `material`
--

DROP TABLE IF EXISTS `material`;
/*!40101 SET @saved_cs_client     = @@character_set_client */;
/*!50503 SET character_set_client = utf8mb4 */;
CREATE TABLE `material` (
  `id` bigint NOT NULL AUTO_INCREMENT COMMENT 'è¯å“ID',
  `material_code` varchar(50) NOT NULL COMMENT 'è¯å“ç¼–ç ',
  `material_name` varchar(200) NOT NULL COMMENT 'è¯å“åç§°',
  `material_type` tinyint NOT NULL COMMENT 'è¯å“ç±»åž‹:1-è€—æ,2-è¯•å‰‚,3-å±åŒ–å“',
  `category_id` bigint NOT NULL COMMENT 'åˆ†ç±»ID',
  `specification` varchar(100) DEFAULT NULL COMMENT 'è§„æ ¼åž‹å·',
  `unit` varchar(20) NOT NULL COMMENT 'å•ä½',
  `cas_number` varchar(50) DEFAULT NULL COMMENT 'CASå·(åŒ–å­¦å“)',
  `danger_category` varchar(100) DEFAULT NULL COMMENT 'å±é™©ç±»åˆ«',
  `is_controlled` tinyint DEFAULT '0' COMMENT 'æ˜¯å¦ç®¡æŽ§:0-å¦,1-æ˜“åˆ¶æ¯’,2-æ˜“åˆ¶çˆ†',
  `supplier_id` bigint DEFAULT NULL COMMENT 'ä¾›åº”å•†ID',
  `unit_price` decimal(10,2) DEFAULT NULL COMMENT 'å•ä»·',
  `safety_stock` int DEFAULT '0' COMMENT 'å®‰å…¨åº“å­˜',
  `max_stock` int DEFAULT NULL COMMENT 'æœ€å¤§åº“å­˜',
  `storage_condition` varchar(200) DEFAULT NULL COMMENT 'å‚¨å­˜æ¡ä»¶',
  `shelf_life_days` int DEFAULT NULL COMMENT 'ä¿è´¨æœŸ(å¤©)',
  `description` text COMMENT 'æè¿°',
  `image_url` varchar(500) DEFAULT NULL COMMENT 'å›¾ç‰‡URL',
  `status` tinyint DEFAULT '1' COMMENT 'çŠ¶æ€:0-åœç”¨,1-å¯ç”¨',
  `created_by` bigint DEFAULT NULL COMMENT 'åˆ›å»ºäºº',
  `created_time` datetime DEFAULT CURRENT_TIMESTAMP COMMENT 'åˆ›å»ºæ—¶é—´',
  `updated_by` bigint DEFAULT NULL COMMENT 'æ›´æ–°äºº',
  `updated_time` datetime DEFAULT CURRENT_TIMESTAMP ON UPDATE CURRENT_TIMESTAMP COMMENT 'æ›´æ–°æ—¶é—´',
  `deleted` tinyint DEFAULT '0' COMMENT 'åˆ é™¤æ ‡è®°',
  PRIMARY KEY (`id`),
  UNIQUE KEY `material_code` (`material_code`),
  KEY `idx_material_code` (`material_code`),
  KEY `idx_material_type` (`material_type`),
  KEY `idx_category_id` (`category_id`),
  KEY `idx_is_controlled` (`is_controlled`),
  KEY `idx_material_name` (`material_name`)
) ENGINE=InnoDB AUTO_INCREMENT=257 DEFAULT CHARSET=utf8mb4 COLLATE=utf8mb4_0900_ai_ci COMMENT='è¯å“ä¿¡æ¯è¡¨';
/*!40101 SET character_set_client = @saved_cs_client */;

--
-- Dumping data for table `material`
--

LOCK TABLES `material` WRITE;
/*!40000 ALTER TABLE `material` DISABLE KEYS */;
INSERT INTO `material` VALUES (1,'1','丙三醇',2,3,'500ml','天津制药厂','','',0,NULL,NULL,0,NULL,NULL,NULL,NULL,NULL,1,NULL,NULL,NULL,NULL,0),(2,'BIO0121','无水乙醇',3,3,'分析纯,500mL','瓶','64-17-5','易燃液体',0,NULL,28.00,10,40,'防火柜,阴凉通风',1095,'常用有机溶剂',NULL,1,NULL,'2026-03-17 18:02:07',NULL,'2026-03-17 18:02:07',0),(3,'BIO0122','乙醇(95%)',3,3,'500mL','瓶','64-17-5','易燃液体',0,NULL,22.00,10,40,'防火柜,阴凉通风',1095,'常用有机溶剂',NULL,1,NULL,'2026-03-17 18:02:07',NULL,'2026-03-17 18:02:07',0),(4,'BIO0123','甲醇',3,3,'分析纯,500mL','瓶','67-56-1','易燃液体/有毒',1,NULL,26.00,6,20,'防火柜,阴凉通风',730,'有机溶剂',NULL,1,NULL,'2026-03-17 18:02:07',NULL,'2026-03-17 18:02:07',0),(5,'BIO0124','异丙醇',3,3,'分析纯,500mL','瓶','67-63-0','易燃液体',0,NULL,24.00,8,30,'防火柜,阴凉通风',730,'消毒与脱水',NULL,1,NULL,'2026-03-17 18:02:07',NULL,'2026-03-17 18:02:07',0),(6,'BIO0125','正丁醇',3,3,'分析纯,500mL','瓶','71-36-3','易燃液体',0,NULL,32.00,5,20,'防火柜,阴凉通风',730,'有机溶剂',NULL,1,NULL,'2026-03-17 18:02:07',NULL,'2026-03-17 18:02:07',0),(7,'BIO0126','叔丁醇',3,3,'分析纯,500g','瓶','75-65-0','易燃固体',0,NULL,38.00,5,20,'防火柜,阴凉通风',730,'有机合成试剂',NULL,1,NULL,'2026-03-17 18:02:07',NULL,'2026-03-17 18:02:07',0),(8,'BIO0127','丙酮',3,3,'分析纯,500mL','瓶','67-64-1','易燃液体',1,NULL,22.00,8,30,'防火柜,阴凉通风',730,'清洗与脱脂',NULL,1,NULL,'2026-03-17 18:02:07',NULL,'2026-03-17 18:02:07',0),(9,'BIO0128','乙腈',3,3,'色谱纯,500mL','瓶','75-05-8','易燃液体/有毒',0,NULL,86.00,4,15,'防火柜,阴凉通风',730,'色谱溶剂',NULL,1,NULL,'2026-03-17 18:02:07',NULL,'2026-03-17 18:02:07',0),(10,'BIO0129','乙酸乙酯',3,3,'分析纯,500mL','瓶','141-78-6','易燃液体',0,NULL,26.00,6,20,'防火柜,阴凉通风',730,'有机溶剂',NULL,1,NULL,'2026-03-17 18:02:07',NULL,'2026-03-17 18:02:07',0),(11,'BIO0130','二氯甲烷',3,3,'分析纯,500mL','瓶','75-09-2','有害液体',0,NULL,28.00,4,15,'阴凉通风,远离热源',730,'萃取溶剂',NULL,1,NULL,'2026-03-17 18:02:07',NULL,'2026-03-17 18:02:07',0),(12,'BIO0131','三氯甲烷(氯仿)',3,3,'分析纯,500mL','瓶','67-66-3','有毒液体',0,NULL,36.00,4,15,'阴凉避光通风',730,'核酸抽提常用',NULL,1,NULL,'2026-03-17 18:02:07',NULL,'2026-03-17 18:02:07',0),(13,'BIO0132','正己烷',3,3,'分析纯,500mL','瓶','110-54-3','易燃液体',0,NULL,28.00,4,15,'防火柜,阴凉通风',730,'有机溶剂',NULL,1,NULL,'2026-03-17 18:02:07',NULL,'2026-03-17 18:02:07',0),(14,'BIO0133','环己烷',3,3,'分析纯,500mL','瓶','110-82-7','易燃液体',0,NULL,32.00,4,15,'防火柜,阴凉通风',730,'有机溶剂',NULL,1,NULL,'2026-03-17 18:02:07',NULL,'2026-03-17 18:02:07',0),(15,'BIO0134','甲苯',3,3,'分析纯,500mL','瓶','108-88-3','易燃液体/有害',1,NULL,28.00,4,15,'防火柜,阴凉通风',730,'有机溶剂',NULL,1,NULL,'2026-03-17 18:02:07',NULL,'2026-03-17 18:02:07',0),(16,'BIO0135','二甲苯',3,3,'分析纯,500mL','瓶','1330-20-7','易燃液体/有害',0,NULL,30.00,4,15,'防火柜,阴凉通风',730,'有机溶剂',NULL,1,NULL,'2026-03-17 18:02:07',NULL,'2026-03-17 18:02:07',0),(17,'BIO0136','石油醚',3,3,'30-60℃,500mL','瓶',NULL,'易燃液体',0,NULL,26.00,4,15,'防火柜,阴凉通风',730,'有机溶剂',NULL,1,NULL,'2026-03-17 18:02:07',NULL,'2026-03-17 18:02:07',0),(18,'BIO0137','乙醚',3,3,'分析纯,500mL','瓶','60-29-7','极易燃液体',1,NULL,36.00,3,10,'防火柜,避光,防过氧化',365,'有机溶剂',NULL,1,NULL,'2026-03-17 18:02:07',NULL,'2026-03-17 18:02:07',0),(19,'BIO0138','四氢呋喃',3,3,'分析纯,500mL','瓶','109-99-9','易燃液体',0,NULL,42.00,3,10,'防火柜,避光,防过氧化',365,'有机溶剂',NULL,1,NULL,'2026-03-17 18:02:07',NULL,'2026-03-17 18:02:07',0),(20,'BIO0139','1,4-二氧六环',3,3,'分析纯,500mL','瓶','123-91-1','易燃液体/有害',0,NULL,58.00,3,10,'防火柜,避光通风',365,'有机溶剂',NULL,1,NULL,'2026-03-17 18:02:07',NULL,'2026-03-17 18:02:07',0),(21,'BIO0140','N,N-二甲基甲酰胺(DMF)',3,3,'分析纯,500mL','瓶','68-12-2','可燃液体/有害',0,NULL,36.00,4,12,'阴凉通风',730,'有机溶剂',NULL,1,NULL,'2026-03-17 18:02:07',NULL,'2026-03-17 18:02:07',0),(22,'BIO0141','N-甲基吡咯烷酮(NMP)',3,3,'分析纯,500mL','瓶','872-50-4','可燃液体/有害',0,NULL,38.00,4,12,'阴凉通风',730,'有机溶剂',NULL,1,NULL,'2026-03-17 18:02:07',NULL,'2026-03-17 18:02:07',0),(23,'BIO0142','二甲基亚砜(DMSO)',3,3,'细胞培养级,500mL','瓶','67-68-5','刺激性液体',0,NULL,48.00,6,20,'室温避光',730,'常用溶剂',NULL,1,NULL,'2026-03-17 18:02:07',NULL,'2026-03-17 18:02:07',0),(24,'BIO0143','冰乙酸',3,3,'分析纯,500mL','瓶','64-19-7','腐蚀品/易燃液体',1,NULL,22.00,5,20,'酸柜阴凉通风',730,'酸化试剂',NULL,1,NULL,'2026-03-17 18:02:07',NULL,'2026-03-17 18:02:07',0),(25,'BIO0144','甲酸',3,3,'分析纯,500mL','瓶','64-18-6','腐蚀品',0,NULL,26.00,4,15,'酸柜阴凉通风',730,'有机酸',NULL,1,NULL,'2026-03-17 18:02:07',NULL,'2026-03-17 18:02:07',0),(26,'BIO0145','盐酸(37%)',3,3,'500mL','瓶','7647-01-0','腐蚀品',1,NULL,16.00,8,30,'酸柜阴凉通风',730,'无机强酸',NULL,1,NULL,'2026-03-17 18:02:07',NULL,'2026-03-17 18:02:07',0),(27,'BIO0146','硫酸(98%)',3,3,'500mL','瓶','7664-93-9','腐蚀品',1,NULL,18.00,8,30,'酸柜阴凉通风',730,'无机强酸',NULL,1,NULL,'2026-03-17 18:02:07',NULL,'2026-03-17 18:02:07',0),(28,'BIO0147','硝酸(65%)',3,3,'500mL','瓶','7697-37-2','腐蚀品/氧化性',1,NULL,24.00,6,20,'酸柜阴凉通风',730,'无机强酸',NULL,1,NULL,'2026-03-17 18:02:07',NULL,'2026-03-17 18:02:07',0),(29,'BIO0148','高氯酸(70%)',3,3,'500mL','瓶','7601-90-3','强氧化性/腐蚀品',2,NULL,46.00,2,8,'专用氧化剂柜',365,'高风险氧化剂',NULL,1,NULL,'2026-03-17 18:02:07',NULL,'2026-03-17 18:02:07',0),(30,'BIO0149','磷酸(85%)',3,3,'500mL','瓶','7664-38-2','腐蚀品',0,NULL,18.00,6,20,'酸柜阴凉通风',730,'无机酸',NULL,1,NULL,'2026-03-17 18:02:07',NULL,'2026-03-17 18:02:07',0),(31,'BIO0150','氢氟酸(40%)',3,3,'500mL','瓶','7664-39-3','剧毒腐蚀品',0,NULL,88.00,2,6,'专用腐蚀品柜',365,'高危险酸',NULL,1,NULL,'2026-03-17 18:02:07',NULL,'2026-03-17 18:02:07',0),(32,'BIO0151','氨水(25%)',3,3,'500mL','瓶','1336-21-6','腐蚀品',0,NULL,18.00,6,20,'碱柜阴凉通风',730,'碱性试剂',NULL,1,NULL,'2026-03-17 18:02:07',NULL,'2026-03-17 18:02:07',0),(33,'BIO0152','过氧化氢(30%)',3,3,'500mL','瓶','7722-84-1','氧化性液体',2,NULL,22.00,5,15,'阴凉避光,远离还原剂',365,'氧化剂',NULL,1,NULL,'2026-03-17 18:02:07',NULL,'2026-03-17 18:02:07',0),(34,'BIO0153','高锰酸钾',3,3,'AR,500g','瓶','7722-64-7','氧化性固体',1,NULL,26.00,5,15,'阴凉干燥,远离可燃物',730,'氧化剂',NULL,1,NULL,'2026-03-17 18:02:07',NULL,'2026-03-17 18:02:07',0),(35,'BIO0154','重铬酸钾',3,3,'AR,500g','瓶','7778-50-9','氧化性/有毒',0,NULL,38.00,3,10,'阴凉干燥',730,'强氧化剂',NULL,1,NULL,'2026-03-17 18:02:07',NULL,'2026-03-17 18:02:07',0),(36,'BIO0155','过硫酸铵',3,3,'AR,500g','瓶','7727-54-0','氧化性固体',0,NULL,24.00,5,15,'阴凉干燥',730,'聚丙烯酰胺聚合引发剂',NULL,1,NULL,'2026-03-17 18:02:07',NULL,'2026-03-17 18:02:07',0),(37,'BIO0156','过硫酸钾',3,3,'AR,500g','瓶','7727-21-1','氧化性固体',0,NULL,28.00,5,15,'阴凉干燥',730,'氧化剂',NULL,1,NULL,'2026-03-17 18:02:07',NULL,'2026-03-17 18:02:07',0),(38,'BIO0157','氯酸钾',3,3,'AR,500g','瓶','3811-04-9','氧化性固体',2,NULL,36.00,2,8,'专用氧化剂柜',365,'高风险氧化剂',NULL,1,NULL,'2026-03-17 18:02:07',NULL,'2026-03-17 18:02:07',0),(39,'BIO0158','高氯酸钠',3,3,'AR,500g','瓶','7601-89-0','强氧化性固体',2,NULL,42.00,2,8,'专用氧化剂柜',365,'高风险氧化剂',NULL,1,NULL,'2026-03-17 18:02:07',NULL,'2026-03-17 18:02:07',0),(40,'BIO0159','硝酸银',3,3,'AR,100g','瓶','7761-88-8','氧化性/腐蚀性',0,NULL,96.00,3,10,'避光干燥',730,'分析试剂',NULL,1,NULL,'2026-03-17 18:02:07',NULL,'2026-03-17 18:02:07',0),(41,'BIO0160','亚硝酸钠',3,3,'AR,500g','瓶','7632-00-0','氧化性/有毒',0,NULL,18.00,4,15,'阴凉干燥',730,'分析试剂',NULL,1,NULL,'2026-03-17 18:02:07',NULL,'2026-03-17 18:02:07',0),(42,'BIO0161','丙烯酰胺',3,3,'电泳级,500g','瓶','79-06-1','有毒固体',0,NULL,66.00,4,12,'阴凉干燥',730,'PAGE制胶',NULL,1,NULL,'2026-03-17 18:02:07',NULL,'2026-03-17 18:02:07',0),(43,'BIO0162','N,N-亚甲基双丙烯酰胺',3,3,'电泳级,100g','瓶','110-26-9','有害固体',0,NULL,58.00,4,12,'阴凉干燥',730,'PAGE交联剂',NULL,1,NULL,'2026-03-17 18:02:07',NULL,'2026-03-17 18:02:07',0),(44,'BIO0163','TEMED',3,3,'分析纯,100mL','瓶','110-18-9','易燃液体/腐蚀性',0,NULL,48.00,4,12,'防火柜,阴凉通风',730,'PAGE催化剂',NULL,1,NULL,'2026-03-17 18:02:07',NULL,'2026-03-17 18:02:07',0),(45,'BIO0164','β-巯基乙醇',3,3,'分析纯,100mL','瓶','60-24-2','有毒/易燃液体',0,NULL,68.00,3,10,'阴凉通风,密封',730,'还原剂',NULL,1,NULL,'2026-03-17 18:02:07',NULL,'2026-03-17 18:02:07',0),(46,'BIO0165','苯酚',3,3,'分析纯,500g','瓶','108-95-2','毒害品/腐蚀性',0,NULL,52.00,3,10,'阴凉避光',730,'核酸提取',NULL,1,NULL,'2026-03-17 18:02:07',NULL,'2026-03-17 18:02:07',0),(47,'BIO0166','苯酚:氯仿:异戊醇(25:24:1)',3,3,'500mL','瓶',NULL,'毒害品',0,NULL,128.00,3,10,'阴凉避光通风',365,'核酸提取混合液',NULL,1,NULL,'2026-03-17 18:02:07',NULL,'2026-03-17 18:02:07',0),(48,'BIO0167','甲醛溶液(37%)',3,3,'500mL','瓶','50-00-0','有毒/腐蚀性',0,NULL,22.00,4,15,'阴凉避光通风',365,'固定液原料',NULL,1,NULL,'2026-03-17 18:02:07',NULL,'2026-03-17 18:02:07',0),(49,'BIO0168','多聚甲醛',3,3,'500g','瓶','30525-89-4','有害固体',0,NULL,38.00,4,15,'阴凉干燥',730,'固定液配制',NULL,1,NULL,'2026-03-17 18:02:07',NULL,'2026-03-17 18:02:07',0),(50,'BIO0169','戊二醛',3,3,'25%,500mL','瓶','111-30-8','有毒/腐蚀性',0,NULL,36.00,3,10,'阴凉避光',365,'固定剂',NULL,1,NULL,'2026-03-17 18:02:07',NULL,'2026-03-17 18:02:07',0),(51,'BIO0170','溴化乙锭(EB)',3,3,'10mg/mL,10mL','支','1239-45-8','有毒品',0,NULL,98.00,3,10,'4℃避光',365,'核酸染料',NULL,1,NULL,'2026-03-17 18:02:07',NULL,'2026-03-17 18:02:07',0),(52,'BIO0171','氯化汞',3,3,'AR,100g','瓶','7487-94-7','剧毒品',0,NULL,128.00,1,5,'毒害品专柜',730,'高毒金属盐',NULL,1,NULL,'2026-03-17 18:02:07',NULL,'2026-03-17 18:02:07',0),(53,'BIO0172','硝酸汞',3,3,'AR,100g','瓶','10045-94-0','剧毒品/氧化性',0,NULL,168.00,1,5,'毒害品专柜',730,'高毒金属盐',NULL,1,NULL,'2026-03-17 18:02:07',NULL,'2026-03-17 18:02:07',0),(54,'BIO0173','氯化钴',3,3,'AR,500g','瓶','7646-79-9','有毒/刺激性',0,NULL,56.00,2,8,'阴凉干燥',730,'重金属盐',NULL,1,NULL,'2026-03-17 18:02:07',NULL,'2026-03-17 18:02:07',0),(55,'BIO0174','氯化镍',3,3,'AR,500g','瓶','7718-54-9','有毒/致敏',0,NULL,62.00,2,8,'阴凉干燥',730,'重金属盐',NULL,1,NULL,'2026-03-17 18:02:07',NULL,'2026-03-17 18:02:07',0),(56,'BIO0175','硫酸镍',3,3,'AR,500g','瓶','7786-81-4','有毒/致敏',0,NULL,58.00,2,8,'阴凉干燥',730,'重金属盐',NULL,1,NULL,'2026-03-17 18:02:07',NULL,'2026-03-17 18:02:07',0),(57,'BIO0176','三氯乙酸',3,3,'AR,500g','瓶','76-03-9','腐蚀品',0,NULL,42.00,3,10,'阴凉干燥',730,'蛋白沉淀',NULL,1,NULL,'2026-03-17 18:02:07',NULL,'2026-03-17 18:02:07',0),(58,'BIO0177','三氟乙酸',3,3,'色谱纯,100mL','瓶','76-05-1','腐蚀品',0,NULL,98.00,2,8,'阴凉避光通风',730,'色谱添加剂',NULL,1,NULL,'2026-03-17 18:02:07',NULL,'2026-03-17 18:02:07',0),(59,'BIO0178','六甲基二硅氮烷(HMDS)',3,3,'分析纯,100mL','瓶','999-97-3','易燃液体',0,NULL,88.00,2,8,'防火柜,阴凉通风',730,'样品处理试剂',NULL,1,NULL,'2026-03-17 18:02:07',NULL,'2026-03-17 18:02:07',0),(60,'BIO0179','硫化钠',3,3,'AR,500g','瓶','1313-82-2','有毒/腐蚀性',0,NULL,32.00,2,8,'阴凉干燥,防潮',730,'无机硫化物',NULL,1,NULL,'2026-03-17 18:02:07',NULL,'2026-03-17 18:02:07',0),(61,'BIO0180','连二亚硫酸钠',3,3,'AR,500g','瓶','7775-14-6','还原性危险品',0,NULL,24.00,3,10,'阴凉干燥,防潮',365,'还原剂',NULL,1,NULL,'2026-03-17 18:02:07',NULL,'2026-03-17 18:02:07',0),(62,'BIO0181','偏重亚硫酸钠',3,3,'AR,500g','瓶','7681-57-4','刺激性固体',0,NULL,18.00,4,15,'阴凉干燥',730,'还原剂',NULL,1,NULL,'2026-03-17 18:02:07',NULL,'2026-03-17 18:02:07',0),(63,'BIO0182','亚硫酸氢钠',3,3,'AR,500g','瓶','7631-90-5','刺激性固体',0,NULL,18.00,4,15,'阴凉干燥',730,'还原剂',NULL,1,NULL,'2026-03-17 18:02:07',NULL,'2026-03-17 18:02:07',0),(64,'BIO0183','氢氧化钠(片碱)',3,3,'AR,500g','瓶','1310-73-2','腐蚀品',0,NULL,16.00,8,30,'碱柜干燥防潮',730,'强碱',NULL,1,NULL,'2026-03-17 18:02:07',NULL,'2026-03-17 18:02:07',0),(65,'BIO0184','氢氧化钾',3,3,'AR,500g','瓶','1310-58-3','腐蚀品',0,NULL,18.00,8,30,'碱柜干燥防潮',730,'强碱',NULL,1,NULL,'2026-03-17 18:02:07',NULL,'2026-03-17 18:02:07',0),(66,'BIO0185','叠氮化钠',3,3,'AR,100g','瓶','26628-22-8','有毒品',0,NULL,78.00,1,6,'毒害品专柜',730,'防腐剂',NULL,1,NULL,'2026-03-17 18:02:07',NULL,'2026-03-17 18:02:07',0),(67,'BIO0186','乙酸酐',3,3,'分析纯,500mL','瓶','108-24-7','腐蚀品/易燃液体',1,NULL,38.00,2,8,'酸柜阴凉通风',730,'有机酰化剂',NULL,1,NULL,'2026-03-17 18:02:07',NULL,'2026-03-17 18:02:07',0),(68,'BIO0187','碘',3,3,'AR,100g','瓶','7553-56-2','有害固体',0,NULL,48.00,2,8,'阴凉避光',730,'分析与染色',NULL,1,NULL,'2026-03-17 18:02:07',NULL,'2026-03-17 18:02:07',0),(69,'BIO0188','正庚烷',3,3,'分析纯,500mL','瓶','142-82-5','易燃液体',0,NULL,34.00,3,10,'防火柜,阴凉通风',730,'有机溶剂',NULL,1,NULL,'2026-03-17 18:02:07',NULL,'2026-03-17 18:02:07',0),(70,'BIO0189','异辛烷',3,3,'分析纯,500mL','瓶','540-84-1','易燃液体',0,NULL,42.00,3,10,'防火柜,阴凉通风',730,'有机溶剂',NULL,1,NULL,'2026-03-17 18:02:07',NULL,'2026-03-17 18:02:07',0),(71,'BIO0190','甲基叔丁基醚(MTBE)',3,3,'分析纯,500mL','瓶','1634-04-4','易燃液体',0,NULL,36.00,3,10,'防火柜,阴凉通风',730,'有机溶剂',NULL,1,NULL,'2026-03-17 18:02:07',NULL,'2026-03-17 18:02:07',0),(72,'BIO0191','乙二醇甲醚',3,3,'分析纯,500mL','瓶','109-86-4','易燃液体/有害',0,NULL,42.00,2,8,'防火柜,阴凉通风',730,'有机溶剂',NULL,1,NULL,'2026-03-17 18:02:07',NULL,'2026-03-17 18:02:07',0),(73,'BIO0192','二甘醇二甲醚',3,3,'分析纯,500mL','瓶','111-96-6','可燃液体',0,NULL,45.00,2,8,'阴凉通风',730,'有机溶剂',NULL,1,NULL,'2026-03-17 18:02:07',NULL,'2026-03-17 18:02:07',0),(74,'BIO0193','乙酸异戊酯',3,3,'分析纯,500mL','瓶','123-92-2','易燃液体',0,NULL,32.00,3,10,'防火柜,阴凉通风',730,'有机溶剂',NULL,1,NULL,'2026-03-17 18:02:07',NULL,'2026-03-17 18:02:07',0),(75,'BIO0194','异丙醚',3,3,'分析纯,500mL','瓶','108-20-3','极易燃液体',0,NULL,46.00,2,8,'防火柜,避光,防过氧化',365,'有机溶剂',NULL,1,NULL,'2026-03-17 18:02:07',NULL,'2026-03-17 18:02:07',0),(76,'BIO0195','吡啶',3,3,'分析纯,500mL','瓶','110-86-1','易燃液体/有毒',0,NULL,48.00,2,8,'防火柜,阴凉通风',730,'有机碱试剂',NULL,1,NULL,'2026-03-17 18:02:07',NULL,'2026-03-17 18:02:07',0),(77,'BIO0196','三乙胺',3,3,'分析纯,500mL','瓶','121-44-8','易燃液体/腐蚀性',0,NULL,42.00,2,8,'防火柜,阴凉通风',730,'有机碱试剂',NULL,1,NULL,'2026-03-17 18:02:07',NULL,'2026-03-17 18:02:07',0),(78,'BIO0197','乙二胺',3,3,'分析纯,500mL','瓶','107-15-3','腐蚀品/易燃液体',0,NULL,36.00,2,8,'防火柜,阴凉通风',730,'有机胺',NULL,1,NULL,'2026-03-17 18:02:07',NULL,'2026-03-17 18:02:07',0),(79,'BIO0198','氯化铁(无水)',3,3,'AR,500g','瓶','7705-08-0','腐蚀性固体',0,NULL,28.00,3,10,'阴凉干燥',730,'无机盐',NULL,1,NULL,'2026-03-17 18:02:07',NULL,'2026-03-17 18:02:07',0),(80,'BIO0199','硝酸钾',3,3,'AR,500g','瓶','7757-79-1','氧化性固体',0,NULL,24.00,3,10,'阴凉干燥,远离可燃物',730,'氧化剂',NULL,1,NULL,'2026-03-17 18:02:07',NULL,'2026-03-17 18:02:07',0),(81,'BIO0200','硝酸铵',3,3,'AR,500g','瓶','6484-52-2','氧化性固体',2,NULL,28.00,2,8,'专用氧化剂柜',365,'高风险氧化剂',NULL,1,NULL,'2026-03-17 18:02:07',NULL,'2026-03-17 18:02:07',0),(82,'BIO0001','Tris碱',2,2,'AR,500g','瓶','77-86-1',NULL,0,NULL,98.00,5,20,'室温干燥',1095,'缓冲液组分',NULL,1,NULL,'2026-03-17 18:02:07',NULL,'2026-03-17 18:02:07',0),(83,'BIO0002','Tris-HCl',2,2,'AR,500g','瓶','1185-53-1',NULL,0,NULL,108.00,5,20,'室温干燥',1095,'缓冲液组分',NULL,1,NULL,'2026-03-17 18:02:07',NULL,'2026-03-17 18:02:07',0),(84,'BIO0003','EDTA二钠',2,2,'AR,500g','瓶','6381-92-6',NULL,0,NULL,85.00,5,20,'室温干燥',1095,'螯合剂',NULL,1,NULL,'2026-03-17 18:02:07',NULL,'2026-03-17 18:02:07',0),(85,'BIO0004','EDTA四钠',2,2,'AR,500g','瓶','64-02-8',NULL,0,NULL,92.00,5,20,'室温干燥',1095,'螯合剂',NULL,1,NULL,'2026-03-17 18:02:07',NULL,'2026-03-17 18:02:07',0),(86,'BIO0005','SDS十二烷基硫酸钠',2,2,'AR,500g','瓶','151-21-3',NULL,0,NULL,120.00,5,20,'室温干燥',1095,'蛋白电泳常用',NULL,1,NULL,'2026-03-17 18:02:07',NULL,'2026-03-17 18:02:07',0),(87,'BIO0006','Tween-20',2,2,'500mL','瓶','9005-64-5',NULL,0,NULL,135.00,4,15,'室温避光',1095,'表面活性剂',NULL,1,NULL,'2026-03-17 18:02:07',NULL,'2026-03-17 18:02:07',0),(88,'BIO0007','Triton X-100',2,2,'500mL','瓶','9002-93-1',NULL,0,NULL,148.00,4,15,'室温避光',1095,'表面活性剂',NULL,1,NULL,'2026-03-17 18:02:07',NULL,'2026-03-17 18:02:07',0),(89,'BIO0008','NP-40',2,2,'100mL','瓶',NULL,NULL,0,NULL,165.00,3,12,'室温避光',730,'细胞裂解剂',NULL,1,NULL,'2026-03-17 18:02:07',NULL,'2026-03-17 18:02:07',0),(90,'BIO0009','甘氨酸',2,2,'AR,500g','瓶','56-40-6',NULL,0,NULL,55.00,6,25,'室温干燥',1095,'电泳缓冲组分',NULL,1,NULL,'2026-03-17 18:02:07',NULL,'2026-03-17 18:02:07',0),(91,'BIO0010','硼酸',2,2,'AR,500g','瓶','10043-35-3',NULL,0,NULL,48.00,6,25,'室温干燥',1095,'TAE/TBE缓冲组分',NULL,1,NULL,'2026-03-17 18:02:07',NULL,'2026-03-17 18:02:07',0),(92,'BIO0011','琼脂糖',2,2,'生物级,100g','瓶','9012-36-6',NULL,0,NULL,298.00,4,12,'室温干燥',1095,'核酸电泳',NULL,1,NULL,'2026-03-17 18:02:07',NULL,'2026-03-17 18:02:07',0),(93,'BIO0012','琼脂粉',2,2,'500g','瓶','9002-18-0',NULL,0,NULL,165.00,4,15,'室温干燥',1095,'培养基凝固剂',NULL,1,NULL,'2026-03-17 18:02:07',NULL,'2026-03-17 18:02:07',0),(94,'BIO0013','蛋白胨',2,2,'500g','瓶',NULL,NULL,0,NULL,98.00,5,20,'室温干燥',730,'微生物培养基组分',NULL,1,NULL,'2026-03-17 18:02:07',NULL,'2026-03-17 18:02:07',0),(95,'BIO0014','酵母提取物',2,2,'500g','瓶',NULL,NULL,0,NULL,145.00,5,20,'室温干燥',730,'微生物培养基组分',NULL,1,NULL,'2026-03-17 18:02:07',NULL,'2026-03-17 18:02:07',0),(96,'BIO0015','胰蛋白胨',2,2,'500g','瓶',NULL,NULL,0,NULL,118.00,5,20,'室温干燥',730,'微生物培养基组分',NULL,1,NULL,'2026-03-17 18:02:07',NULL,'2026-03-17 18:02:07',0),(97,'BIO0016','氯化钠',2,2,'AR,500g','瓶','7647-14-5',NULL,0,NULL,22.00,10,50,'室温干燥',1460,'基础无机盐',NULL,1,NULL,'2026-03-17 18:02:07',NULL,'2026-03-17 18:02:07',0),(98,'BIO0017','氯化钾',2,2,'AR,500g','瓶','7447-40-7',NULL,0,NULL,32.00,8,40,'室温干燥',1460,'基础无机盐',NULL,1,NULL,'2026-03-17 18:02:07',NULL,'2026-03-17 18:02:07',0),(99,'BIO0018','氯化钙',2,2,'AR,500g','瓶','10043-52-4',NULL,0,NULL,36.00,8,30,'室温干燥',1095,'基础无机盐',NULL,1,NULL,'2026-03-17 18:02:07',NULL,'2026-03-17 18:02:07',0),(100,'BIO0019','氯化镁',2,2,'AR,500g','瓶','7786-30-3',NULL,0,NULL,42.00,8,30,'室温干燥',1095,'基础无机盐',NULL,1,NULL,'2026-03-17 18:02:07',NULL,'2026-03-17 18:02:07',0),(101,'BIO0020','硫酸镁',2,2,'AR,500g','瓶','7487-88-9',NULL,0,NULL,34.00,8,30,'室温干燥',1095,'基础无机盐',NULL,1,NULL,'2026-03-17 18:02:07',NULL,'2026-03-17 18:02:07',0),(102,'BIO0021','磷酸二氢钾',2,2,'AR,500g','瓶','7778-77-0',NULL,0,NULL,38.00,8,30,'室温干燥',1095,'PBS组分',NULL,1,NULL,'2026-03-17 18:02:07',NULL,'2026-03-17 18:02:07',0),(103,'BIO0022','磷酸氢二钠',2,2,'AR,500g','瓶','7558-79-4',NULL,0,NULL,36.00,8,30,'室温干燥',1095,'PBS组分',NULL,1,NULL,'2026-03-17 18:02:07',NULL,'2026-03-17 18:02:07',0),(104,'BIO0023','碳酸氢钠',2,2,'AR,500g','瓶','144-55-8',NULL,0,NULL,26.00,8,30,'室温干燥',1095,'细胞培养缓冲',NULL,1,NULL,'2026-03-17 18:02:07',NULL,'2026-03-17 18:02:07',0),(105,'BIO0024','碳酸钠',2,2,'AR,500g','瓶','497-19-8',NULL,0,NULL,24.00,8,30,'室温干燥',1095,'pH调节剂',NULL,1,NULL,'2026-03-17 18:02:07',NULL,'2026-03-17 18:02:07',0),(106,'BIO0025','柠檬酸',2,2,'AR,500g','瓶','77-92-9',NULL,0,NULL,32.00,6,25,'室温干燥',1095,'缓冲组分',NULL,1,NULL,'2026-03-17 18:02:07',NULL,'2026-03-17 18:02:07',0),(107,'BIO0026','柠檬酸钠',2,2,'AR,500g','瓶','6132-04-3',NULL,0,NULL,42.00,6,25,'室温干燥',1095,'缓冲组分',NULL,1,NULL,'2026-03-17 18:02:07',NULL,'2026-03-17 18:02:07',0),(108,'BIO0027','乙酸钠',2,2,'AR,500g','瓶','127-09-3',NULL,0,NULL,36.00,6,25,'室温干燥',1095,'分子生物学常用盐',NULL,1,NULL,'2026-03-17 18:02:07',NULL,'2026-03-17 18:02:07',0),(109,'BIO0028','丙酮酸钠',2,2,'生物级,100g','瓶','113-24-6',NULL,0,NULL,168.00,4,12,'2-8℃干燥',730,'细胞培养添加剂',NULL,1,NULL,'2026-03-17 18:02:07',NULL,'2026-03-17 18:02:07',0),(110,'BIO0029','葡萄糖',2,2,'AR,500g','瓶','50-99-7',NULL,0,NULL,28.00,8,30,'室温干燥',1095,'培养基组分',NULL,1,NULL,'2026-03-17 18:02:07',NULL,'2026-03-17 18:02:07',0),(111,'BIO0030','蔗糖',2,2,'AR,500g','瓶','57-50-1',NULL,0,NULL,30.00,8,30,'室温干燥',1095,'密度梯度常用',NULL,1,NULL,'2026-03-17 18:02:07',NULL,'2026-03-17 18:02:07',0),(112,'BIO0031','果糖',2,2,'AR,500g','瓶','57-48-7',NULL,0,NULL,48.00,6,20,'室温干燥',1095,'培养基添加剂',NULL,1,NULL,'2026-03-17 18:02:07',NULL,'2026-03-17 18:02:07',0),(113,'BIO0032','乳糖',2,2,'AR,500g','瓶','63-42-3',NULL,0,NULL,52.00,6,20,'室温干燥',1095,'培养基添加剂',NULL,1,NULL,'2026-03-17 18:02:07',NULL,'2026-03-17 18:02:07',0),(114,'BIO0033','甘油',2,2,'分析纯,500mL','瓶','56-81-5',NULL,0,NULL,42.00,6,25,'室温避光',1095,'蛋白保护剂',NULL,1,NULL,'2026-03-17 18:02:07',NULL,'2026-03-17 18:02:07',0),(115,'BIO0034','尿素',2,2,'AR,500g','瓶','57-13-6',NULL,0,NULL,34.00,6,25,'室温干燥',1095,'变性剂',NULL,1,NULL,'2026-03-17 18:02:07',NULL,'2026-03-17 18:02:07',0),(116,'BIO0035','硫脲',2,2,'AR,500g','瓶','62-56-6',NULL,0,NULL,68.00,5,20,'室温干燥',1095,'蛋白样品处理',NULL,1,NULL,'2026-03-17 18:02:07',NULL,'2026-03-17 18:02:07',0),(117,'BIO0036','PEG4000',2,2,'500g','瓶','25322-68-3',NULL,0,NULL,78.00,5,20,'室温干燥',1095,'沉淀剂',NULL,1,NULL,'2026-03-17 18:02:07',NULL,'2026-03-17 18:02:07',0),(118,'BIO0037','PEG6000',2,2,'500g','瓶','25322-68-3',NULL,0,NULL,86.00,5,20,'室温干燥',1095,'沉淀剂',NULL,1,NULL,'2026-03-17 18:02:07',NULL,'2026-03-17 18:02:07',0),(119,'BIO0038','牛血清白蛋白(BSA)',2,2,'生物级,100g','瓶','9048-46-8',NULL,0,NULL,385.00,3,10,'2-8℃避光',730,'封闭剂',NULL,1,NULL,'2026-03-17 18:02:07',NULL,'2026-03-17 18:02:07',0),(120,'BIO0039','脱脂奶粉',2,2,'500g','袋',NULL,NULL,0,NULL,58.00,6,20,'室温干燥',365,'Western封闭',NULL,1,NULL,'2026-03-17 18:02:07',NULL,'2026-03-17 18:02:07',0),(121,'BIO0040','蛋白酶K',2,2,'100mg','瓶','39450-01-6',NULL,0,NULL,280.00,3,10,'-20℃保存',730,'核酸提取常用酶',NULL,1,NULL,'2026-03-17 18:02:07',NULL,'2026-03-17 18:02:07',0),(122,'BIO0041','RNase A',2,2,'100mg','瓶','9001-99-4',NULL,0,NULL,240.00,3,10,'-20℃保存',730,'RNA处理酶',NULL,1,NULL,'2026-03-17 18:02:07',NULL,'2026-03-17 18:02:07',0),(123,'BIO0042','DNase I',2,2,'1000U','支','9003-98-9',NULL,0,NULL,260.00,3,10,'-20℃保存',730,'DNA降解酶',NULL,1,NULL,'2026-03-17 18:02:07',NULL,'2026-03-17 18:02:07',0),(124,'BIO0043','胰蛋白酶',2,2,'生物级,25g','瓶','9002-07-7',NULL,0,NULL,138.00,4,12,'-20℃保存',730,'细胞消化',NULL,1,NULL,'2026-03-17 18:02:07',NULL,'2026-03-17 18:02:07',0),(125,'BIO0044','胰酶EDTA(0.25%)',2,2,'100mL','瓶',NULL,NULL,0,NULL,96.00,4,12,'2-8℃保存',365,'细胞消化',NULL,1,NULL,'2026-03-17 18:02:07',NULL,'2026-03-17 18:02:07',0),(126,'BIO0045','胎牛血清(FBS)',2,2,'500mL','瓶',NULL,NULL,0,NULL,2480.00,2,6,'-20℃保存',365,'细胞培养核心试剂',NULL,1,NULL,'2026-03-17 18:02:07',NULL,'2026-03-17 18:02:07',0),(127,'BIO0046','DMEM高糖培养基',2,2,'500mL','瓶',NULL,NULL,0,NULL,58.00,6,30,'2-8℃避光',365,'细胞培养基',NULL,1,NULL,'2026-03-17 18:02:07',NULL,'2026-03-17 18:02:07',0),(128,'BIO0047','DMEM低糖培养基',2,2,'500mL','瓶',NULL,NULL,0,NULL,58.00,6,30,'2-8℃避光',365,'细胞培养基',NULL,1,NULL,'2026-03-17 18:02:07',NULL,'2026-03-17 18:02:07',0),(129,'BIO0048','RPMI-1640培养基',2,2,'500mL','瓶',NULL,NULL,0,NULL,62.00,6,30,'2-8℃避光',365,'细胞培养基',NULL,1,NULL,'2026-03-17 18:02:07',NULL,'2026-03-17 18:02:07',0),(130,'BIO0049','MEM培养基',2,2,'500mL','瓶',NULL,NULL,0,NULL,65.00,6,30,'2-8℃避光',365,'细胞培养基',NULL,1,NULL,'2026-03-17 18:02:07',NULL,'2026-03-17 18:02:07',0),(131,'BIO0050','F12培养基',2,2,'500mL','瓶',NULL,NULL,0,NULL,68.00,6,30,'2-8℃避光',365,'细胞培养基',NULL,1,NULL,'2026-03-17 18:02:07',NULL,'2026-03-17 18:02:07',0),(132,'BIO0051','PBS粉剂',2,2,'10L配方','袋',NULL,NULL,0,NULL,42.00,8,30,'室温干燥',730,'缓冲液配制',NULL,1,NULL,'2026-03-17 18:02:07',NULL,'2026-03-17 18:02:07',0),(133,'BIO0052','DPBS缓冲液',2,2,'500mL','瓶',NULL,NULL,0,NULL,36.00,8,30,'室温或2-8℃',365,'细胞洗涤',NULL,1,NULL,'2026-03-17 18:02:07',NULL,'2026-03-17 18:02:07',0),(134,'BIO0053','HBSS缓冲液',2,2,'500mL','瓶',NULL,NULL,0,NULL,39.00,8,30,'室温或2-8℃',365,'细胞洗涤',NULL,1,NULL,'2026-03-17 18:02:07',NULL,'2026-03-17 18:02:07',0),(135,'BIO0054','无菌PBS',2,2,'500mL','瓶',NULL,NULL,0,NULL,18.00,10,40,'室温保存',365,'常规冲洗',NULL,1,NULL,'2026-03-17 18:02:07',NULL,'2026-03-17 18:02:07',0),(136,'BIO0055','无菌蒸馏水',2,2,'500mL','瓶',NULL,NULL,0,NULL,8.00,10,40,'室温保存',365,'实验用水',NULL,1,NULL,'2026-03-17 18:02:07',NULL,'2026-03-17 18:02:07',0),(137,'BIO0056','超纯水',2,2,'500mL','瓶',NULL,NULL,0,NULL,12.00,10,40,'室温保存',365,'分子生物学用水',NULL,1,NULL,'2026-03-17 18:02:07',NULL,'2026-03-17 18:02:07',0),(138,'BIO0057','青霉素-链霉素双抗',2,2,'100mL(100X)','瓶',NULL,NULL,0,NULL,78.00,5,20,'-20℃保存',365,'细胞培养抗生素',NULL,1,NULL,'2026-03-17 18:02:07',NULL,'2026-03-17 18:02:07',0),(139,'BIO0058','庆大霉素',2,2,'100mg','瓶','1405-41-0',NULL,0,NULL,86.00,4,12,'2-8℃保存',730,'抗生素',NULL,1,NULL,'2026-03-17 18:02:07',NULL,'2026-03-17 18:02:07',0),(140,'BIO0059','两性霉素B',2,2,'100mg','瓶','1397-89-3',NULL,0,NULL,268.00,3,10,'-20℃避光',730,'抗真菌',NULL,1,NULL,'2026-03-17 18:02:07',NULL,'2026-03-17 18:02:07',0),(141,'BIO0060','卡那霉素硫酸盐',2,2,'5g','瓶','25389-94-0',NULL,0,NULL,126.00,4,15,'2-8℃干燥',730,'筛选抗生素',NULL,1,NULL,'2026-03-17 18:02:07',NULL,'2026-03-17 18:02:07',0),(142,'BIO0061','氨苄青霉素钠盐',2,2,'5g','瓶','69-52-3',NULL,0,NULL,118.00,4,15,'2-8℃干燥',730,'筛选抗生素',NULL,1,NULL,'2026-03-17 18:02:07',NULL,'2026-03-17 18:02:07',0),(143,'BIO0062','头孢噻肟钠',2,2,'5g','瓶','64485-93-4',NULL,0,NULL,138.00,4,15,'2-8℃干燥',730,'筛选抗生素',NULL,1,NULL,'2026-03-17 18:02:07',NULL,'2026-03-17 18:02:07',0),(144,'BIO0063','氯霉素',2,2,'5g','瓶','56-75-7',NULL,0,NULL,146.00,4,15,'2-8℃避光',730,'筛选抗生素',NULL,1,NULL,'2026-03-17 18:02:07',NULL,'2026-03-17 18:02:07',0),(145,'BIO0064','四环素盐酸盐',2,2,'5g','瓶','64-75-5',NULL,0,NULL,132.00,4,15,'2-8℃避光',730,'筛选抗生素',NULL,1,NULL,'2026-03-17 18:02:07',NULL,'2026-03-17 18:02:07',0),(146,'BIO0065','红霉素',2,2,'5g','瓶','114-07-8',NULL,0,NULL,158.00,4,15,'2-8℃避光',730,'筛选抗生素',NULL,1,NULL,'2026-03-17 18:02:07',NULL,'2026-03-17 18:02:07',0),(147,'BIO0066','潮霉素B',2,2,'1g','瓶','31282-04-9',NULL,0,NULL,228.00,3,10,'-20℃保存',730,'真核筛选抗生素',NULL,1,NULL,'2026-03-17 18:02:07',NULL,'2026-03-17 18:02:07',0),(148,'BIO0067','G418硫酸盐',2,2,'1g','瓶','108321-42-2',NULL,0,NULL,238.00,3,10,'-20℃保存',730,'真核筛选抗生素',NULL,1,NULL,'2026-03-17 18:02:07',NULL,'2026-03-17 18:02:07',0),(149,'BIO0068','嘌呤霉素',2,2,'100mg','瓶','53-79-2',NULL,0,NULL,258.00,3,10,'-20℃保存',730,'真核筛选抗生素',NULL,1,NULL,'2026-03-17 18:02:07',NULL,'2026-03-17 18:02:07',0),(150,'BIO0069','博来霉素',2,2,'100mg','瓶','9041-93-4',NULL,0,NULL,318.00,2,8,'-20℃避光',730,'真核筛选抗生素',NULL,1,NULL,'2026-03-17 18:02:07',NULL,'2026-03-17 18:02:07',0),(151,'BIO0070','巴龙霉素',2,2,'1g','瓶','7542-37-2',NULL,0,NULL,188.00,3,10,'-20℃保存',730,'筛选抗生素',NULL,1,NULL,'2026-03-17 18:02:07',NULL,'2026-03-17 18:02:07',0),(152,'BIO0071','IPTG',2,2,'1g','瓶','367-93-1',NULL,0,NULL,168.00,4,15,'-20℃保存',730,'原核诱导剂',NULL,1,NULL,'2026-03-17 18:02:07',NULL,'2026-03-17 18:02:07',0),(153,'BIO0072','X-gal',2,2,'1g','瓶','7240-90-6',NULL,0,NULL,228.00,4,12,'-20℃避光',730,'蓝白斑筛选',NULL,1,NULL,'2026-03-17 18:02:07',NULL,'2026-03-17 18:02:07',0),(154,'BIO0073','L-阿拉伯糖',2,2,'25g','瓶','5328-37-0',NULL,0,NULL,118.00,4,12,'室温干燥',730,'诱导剂',NULL,1,NULL,'2026-03-17 18:02:07',NULL,'2026-03-17 18:02:07',0),(155,'BIO0074','乳糖诱导剂',2,2,'500g','瓶','63-42-3',NULL,0,NULL,78.00,4,15,'室温干燥',730,'诱导剂',NULL,1,NULL,'2026-03-17 18:02:07',NULL,'2026-03-17 18:02:07',0),(156,'BIO0075','dNTP混合液',2,2,'100uL,10mM','支',NULL,NULL,0,NULL,158.00,5,20,'-20℃保存',365,'PCR原料',NULL,1,NULL,'2026-03-17 18:02:07',NULL,'2026-03-17 18:02:07',0),(157,'BIO0076','Taq DNA聚合酶',2,2,'500U','支',NULL,NULL,0,NULL,138.00,5,20,'-20℃保存',365,'PCR酶',NULL,1,NULL,'2026-03-17 18:02:07',NULL,'2026-03-17 18:02:07',0),(158,'BIO0077','高保真DNA聚合酶',2,2,'100U','支',NULL,NULL,0,NULL,198.00,4,15,'-20℃保存',365,'高保真扩增',NULL,1,NULL,'2026-03-17 18:02:07',NULL,'2026-03-17 18:02:07',0),(159,'BIO0078','M-MLV反转录酶',2,2,'10000U','支',NULL,NULL,0,NULL,248.00,4,15,'-20℃保存',365,'反转录',NULL,1,NULL,'2026-03-17 18:02:07',NULL,'2026-03-17 18:02:07',0),(160,'BIO0079','RNase抑制剂',2,2,'2500U','支',NULL,NULL,0,NULL,208.00,4,15,'-20℃保存',365,'RNA保护',NULL,1,NULL,'2026-03-17 18:02:07',NULL,'2026-03-17 18:02:07',0),(161,'BIO0080','SYBR qPCR Mix',2,2,'5mL','盒',NULL,NULL,0,NULL,268.00,4,15,'-20℃避光',365,'qPCR检测试剂',NULL,1,NULL,'2026-03-17 18:02:07',NULL,'2026-03-17 18:02:07',0),(162,'BIO0081','Probe qPCR Mix',2,2,'5mL','盒',NULL,NULL,0,NULL,328.00,4,15,'-20℃避光',365,'qPCR检测试剂',NULL,1,NULL,'2026-03-17 18:02:07',NULL,'2026-03-17 18:02:07',0),(163,'BIO0082','cDNA一链合成试剂盒',2,2,'100T','盒',NULL,NULL,0,NULL,298.00,3,10,'-20℃保存',365,'反转录试剂盒',NULL,1,NULL,'2026-03-17 18:02:07',NULL,'2026-03-17 18:02:07',0),(164,'BIO0083','DNA抽提试剂盒',2,2,'50T','盒',NULL,NULL,0,NULL,228.00,4,15,'室温/2-8℃',365,'基因组DNA提取',NULL,1,NULL,'2026-03-17 18:02:07',NULL,'2026-03-17 18:02:07',0),(165,'BIO0084','RNA抽提试剂盒',2,2,'50T','盒',NULL,NULL,0,NULL,248.00,4,15,'室温/2-8℃',365,'总RNA提取',NULL,1,NULL,'2026-03-17 18:02:07',NULL,'2026-03-17 18:02:07',0),(166,'BIO0085','质粒小提试剂盒',2,2,'50T','盒',NULL,NULL,0,NULL,188.00,4,15,'室温保存',365,'质粒提取',NULL,1,NULL,'2026-03-17 18:02:07',NULL,'2026-03-17 18:02:07',0),(167,'BIO0086','胶回收试剂盒',2,2,'50T','盒',NULL,NULL,0,NULL,178.00,4,15,'室温保存',365,'DNA片段回收',NULL,1,NULL,'2026-03-17 18:02:07',NULL,'2026-03-17 18:02:07',0),(168,'BIO0087','PCR纯化试剂盒',2,2,'50T','盒',NULL,NULL,0,NULL,168.00,4,15,'室温保存',365,'PCR产物纯化',NULL,1,NULL,'2026-03-17 18:02:07',NULL,'2026-03-17 18:02:07',0),(169,'BIO0088','DNA Marker 100bp',2,2,'500uL','支',NULL,NULL,0,NULL,98.00,6,20,'-20℃保存',365,'核酸电泳标准品',NULL,1,NULL,'2026-03-17 18:02:07',NULL,'2026-03-17 18:02:07',0),(170,'BIO0089','DNA Marker 1kb',2,2,'500uL','支',NULL,NULL,0,NULL,98.00,6,20,'-20℃保存',365,'核酸电泳标准品',NULL,1,NULL,'2026-03-17 18:02:07',NULL,'2026-03-17 18:02:07',0),(171,'BIO0090','预染蛋白Marker',2,2,'250uL','支',NULL,NULL,0,NULL,128.00,6,20,'-20℃保存',365,'蛋白电泳标准品',NULL,1,NULL,'2026-03-17 18:02:07',NULL,'2026-03-17 18:02:07',0),(172,'BIO0091','RIPA裂解液',2,2,'100mL','瓶',NULL,NULL,0,NULL,78.00,6,20,'4℃保存',365,'蛋白裂解',NULL,1,NULL,'2026-03-17 18:02:07',NULL,'2026-03-17 18:02:07',0),(173,'BIO0092','PMSF',2,2,'100mM,1mL','支','329-98-6',NULL,0,NULL,48.00,8,30,'-20℃保存',365,'蛋白酶抑制',NULL,1,NULL,'2026-03-17 18:02:07',NULL,'2026-03-17 18:02:07',0),(174,'BIO0093','蛋白酶抑制剂Cocktail',2,2,'1mL','支',NULL,NULL,0,NULL,88.00,6,20,'-20℃保存',365,'蛋白酶抑制',NULL,1,NULL,'2026-03-17 18:02:07',NULL,'2026-03-17 18:02:07',0),(175,'BIO0094','磷酸酶抑制剂Cocktail',2,2,'1mL','支',NULL,NULL,0,NULL,96.00,6,20,'-20℃保存',365,'磷酸酶抑制',NULL,1,NULL,'2026-03-17 18:02:07',NULL,'2026-03-17 18:02:07',0),(176,'BIO0095','BCA蛋白定量试剂盒',2,2,'500T','盒',NULL,NULL,0,NULL,188.00,4,15,'4℃避光',365,'蛋白定量',NULL,1,NULL,'2026-03-17 18:02:07',NULL,'2026-03-17 18:02:07',0),(177,'BIO0096','Bradford定量试剂',2,2,'500mL','瓶',NULL,NULL,0,NULL,118.00,4,15,'4℃避光',365,'蛋白定量',NULL,1,NULL,'2026-03-17 18:02:07',NULL,'2026-03-17 18:02:07',0),(178,'BIO0097','ECL化学发光液',2,2,'100mL','盒',NULL,NULL,0,NULL,268.00,3,10,'4℃避光',365,'Western显色',NULL,1,NULL,'2026-03-17 18:02:07',NULL,'2026-03-17 18:02:07',0),(179,'BIO0098','PVDF膜',2,2,'0.45um,10张','盒',NULL,NULL,0,NULL,158.00,4,12,'室温干燥',730,'Western转膜',NULL,1,NULL,'2026-03-17 18:02:07',NULL,'2026-03-17 18:02:07',0),(180,'BIO0099','NC膜',2,2,'0.45um,10张','盒',NULL,NULL,0,NULL,148.00,4,12,'室温干燥',730,'Western转膜',NULL,1,NULL,'2026-03-17 18:02:07',NULL,'2026-03-17 18:02:07',0),(181,'BIO0100','Western封闭液(BSA)',2,2,'100mL','瓶',NULL,NULL,0,NULL,86.00,6,20,'4℃保存',365,'免疫印迹封闭',NULL,1,NULL,'2026-03-17 18:02:07',NULL,'2026-03-17 18:02:07',0),(182,'BIO0101','Western封闭液(奶粉)',2,2,'100mL','瓶',NULL,NULL,0,NULL,68.00,6,20,'4℃保存',365,'免疫印迹封闭',NULL,1,NULL,'2026-03-17 18:02:07',NULL,'2026-03-17 18:02:07',0),(183,'BIO0102','一抗稀释液',2,2,'100mL','瓶',NULL,NULL,0,NULL,68.00,6,20,'4℃保存',365,'抗体孵育',NULL,1,NULL,'2026-03-17 18:02:07',NULL,'2026-03-17 18:02:07',0),(184,'BIO0103','二抗稀释液',2,2,'100mL','瓶',NULL,NULL,0,NULL,68.00,6,20,'4℃保存',365,'抗体孵育',NULL,1,NULL,'2026-03-17 18:02:07',NULL,'2026-03-17 18:02:07',0),(185,'BIO0104','DAPI染色液',2,2,'1mL','支','28718-90-3',NULL,0,NULL,128.00,5,20,'-20℃避光',365,'细胞核染色',NULL,1,NULL,'2026-03-17 18:02:07',NULL,'2026-03-17 18:02:07',0),(186,'BIO0105','Hoechst33342染色液',2,2,'1mL','支','23491-52-3',NULL,0,NULL,138.00,5,20,'-20℃避光',365,'细胞核染色',NULL,1,NULL,'2026-03-17 18:02:07',NULL,'2026-03-17 18:02:07',0),(187,'BIO0106','PI碘化丙啶染色液',2,2,'1mL','支','25535-16-4',NULL,0,NULL,128.00,5,20,'4℃避光',365,'细胞死亡染色',NULL,1,NULL,'2026-03-17 18:02:07',NULL,'2026-03-17 18:02:07',0),(188,'BIO0107','AO吖啶橙染色液',2,2,'1mL','支','65-61-2',NULL,0,NULL,118.00,5,20,'4℃避光',365,'荧光染色',NULL,1,NULL,'2026-03-17 18:02:07',NULL,'2026-03-17 18:02:07',0),(189,'BIO0108','台盼蓝染色液',2,2,'100mL','瓶','72-57-1',NULL,0,NULL,38.00,8,30,'室温避光',365,'细胞活率计数',NULL,1,NULL,'2026-03-17 18:02:07',NULL,'2026-03-17 18:02:07',0),(190,'BIO0109','CCK-8试剂',2,2,'5mL','盒',NULL,NULL,0,NULL,198.00,4,15,'4℃避光',365,'细胞增殖检测',NULL,1,NULL,'2026-03-17 18:02:07',NULL,'2026-03-17 18:02:07',0),(191,'BIO0110','MTT试剂',2,2,'100mg','瓶','298-93-1',NULL,0,NULL,88.00,6,20,'4℃避光',365,'细胞活性检测',NULL,1,NULL,'2026-03-17 18:02:07',NULL,'2026-03-17 18:02:07',0),(192,'BIO0111','Annexin V-FITC凋亡检测试剂盒',2,2,'20T','盒',NULL,NULL,0,NULL,328.00,3,10,'4℃避光',365,'凋亡检测',NULL,1,NULL,'2026-03-17 18:02:07',NULL,'2026-03-17 18:02:07',0),(193,'BIO0112','JC-1线粒体膜电位检测试剂盒',2,2,'100T','盒',NULL,NULL,0,NULL,298.00,3,10,'4℃避光',365,'线粒体检测',NULL,1,NULL,'2026-03-17 18:02:07',NULL,'2026-03-17 18:02:07',0),(194,'BIO0113','ROS检测试剂DCFH-DA',2,2,'1mL','支',NULL,NULL,0,NULL,168.00,4,12,'-20℃避光',365,'活性氧检测',NULL,1,NULL,'2026-03-17 18:02:07',NULL,'2026-03-17 18:02:07',0),(195,'BIO0114','细胞冻存液',2,2,'100mL','瓶',NULL,NULL,0,NULL,98.00,5,20,'4℃保存',365,'细胞冻存',NULL,1,NULL,'2026-03-17 18:02:07',NULL,'2026-03-17 18:02:07',0),(196,'BIO0115','细胞复苏液',2,2,'100mL','瓶',NULL,NULL,0,NULL,88.00,5,20,'4℃保存',365,'细胞复苏',NULL,1,NULL,'2026-03-17 18:02:07',NULL,'2026-03-17 18:02:07',0),(197,'BIO0116','细胞消化终止液',2,2,'100mL','瓶',NULL,NULL,0,NULL,46.00,6,20,'4℃保存',365,'细胞消化终止',NULL,1,NULL,'2026-03-17 18:02:07',NULL,'2026-03-17 18:02:07',0),(198,'BIO0117','HEPES缓冲粉',2,2,'生物级,100g','瓶','7365-45-9',NULL,0,NULL,188.00,4,12,'室温干燥',730,'细胞培养缓冲组分',NULL,1,NULL,'2026-03-17 18:02:07',NULL,'2026-03-17 18:02:07',0),(199,'BIO0118','MOPS缓冲粉',2,2,'生物级,100g','瓶','1132-61-2',NULL,0,NULL,198.00,4,12,'室温干燥',730,'缓冲组分',NULL,1,NULL,'2026-03-17 18:02:07',NULL,'2026-03-17 18:02:07',0),(200,'BIO0119','MES缓冲粉',2,2,'生物级,100g','瓶','4432-31-9',NULL,0,NULL,198.00,4,12,'室温干燥',730,'缓冲组分',NULL,1,NULL,'2026-03-17 18:02:07',NULL,'2026-03-17 18:02:07',0),(201,'BIO0120','PIPES缓冲粉',2,2,'生物级,100g','瓶','5625-37-6',NULL,0,NULL,228.00,4,12,'室温干燥',730,'缓冲组分',NULL,1,NULL,'2026-03-17 18:02:07',NULL,'2026-03-17 18:02:07',0);
/*!40000 ALTER TABLE `material` ENABLE KEYS */;
UNLOCK TABLES;

--
-- Table structure for table `material_application`
--

DROP TABLE IF EXISTS `material_application`;
/*!40101 SET @saved_cs_client     = @@character_set_client */;
/*!50503 SET character_set_client = utf8mb4 */;
CREATE TABLE `material_application` (
  `id` bigint NOT NULL AUTO_INCREMENT COMMENT 'ç”³è¯·å•ID',
  `application_no` varchar(50) NOT NULL COMMENT 'ç”³è¯·å•å·',
  `applicant_id` bigint NOT NULL COMMENT 'ç”³è¯·äººID',
  `applicant_name` varchar(50) NOT NULL COMMENT 'ç”³è¯·äººå§“å',
  `applicant_dept` varchar(100) DEFAULT NULL COMMENT 'ç”³è¯·éƒ¨é—¨',
  `application_type` tinyint NOT NULL COMMENT 'ç”³è¯·ç±»åž‹:1-æ™®é€šé¢†ç”¨,2-å±åŒ–å“é¢†ç”¨',
  `usage_purpose` varchar(500) NOT NULL COMMENT 'ç”¨é€”è¯´æ˜Ž',
  `usage_location` varchar(200) DEFAULT NULL COMMENT 'ä½¿ç”¨åœ°ç‚¹',
  `expected_date` date DEFAULT NULL COMMENT 'æœŸæœ›é¢†ç”¨æ—¥æœŸ',
  `status` tinyint DEFAULT '1' COMMENT 'çŠ¶æ€:1-å¾…å®¡æ‰¹,2-å®¡æ‰¹ä¸­,3-å®¡æ‰¹é€šè¿‡,4-å®¡æ‰¹æ‹’ç»,5-å·²å‡ºåº“,6-å·²å®Œæˆ,7-å·²å–æ¶ˆ',
  `approval_status` tinyint DEFAULT '0' COMMENT 'å®¡æ‰¹çŠ¶æ€:0-æœªå®¡æ‰¹,1-å®¡æ‰¹ä¸­,2-å®¡æ‰¹é€šè¿‡,3-å®¡æ‰¹æ‹’ç»',
  `current_approver_id` bigint DEFAULT NULL COMMENT 'å½“å‰å®¡æ‰¹äººID',
  `remark` text COMMENT 'å¤‡æ³¨',
  `created_by` bigint DEFAULT NULL COMMENT 'åˆ›å»ºäºº',
  `created_time` datetime DEFAULT CURRENT_TIMESTAMP COMMENT 'åˆ›å»ºæ—¶é—´',
  `updated_by` bigint DEFAULT NULL COMMENT 'æ›´æ–°äºº',
  `updated_time` datetime DEFAULT CURRENT_TIMESTAMP ON UPDATE CURRENT_TIMESTAMP COMMENT 'æ›´æ–°æ—¶é—´',
  `deleted` tinyint DEFAULT '0' COMMENT 'åˆ é™¤æ ‡è®°',
  PRIMARY KEY (`id`),
  UNIQUE KEY `application_no` (`application_no`),
  KEY `idx_application_no` (`application_no`),
  KEY `idx_applicant_id` (`applicant_id`),
  KEY `idx_status` (`status`),
  KEY `idx_approval_status` (`approval_status`),
  KEY `idx_created_time` (`created_time`)
) ENGINE=InnoDB AUTO_INCREMENT=9 DEFAULT CHARSET=utf8mb4 COLLATE=utf8mb4_0900_ai_ci COMMENT='é¢†ç”¨ç”³è¯·å•è¡¨';
/*!40101 SET character_set_client = @saved_cs_client */;

--
-- Dumping data for table `material_application`
--

LOCK TABLES `material_application` WRITE;
/*!40000 ALTER TABLE `material_application` DISABLE KEYS */;
INSERT INTO `material_application` VALUES (2,'APP20260317140831',1,'测试用户','测试部门',1,'????-????','???A101','2026-03-18',3,2,2,'?????????',1,'2026-03-17 19:06:34',NULL,'2026-03-17 19:26:00',0),(3,'APP20260317764903',1,'测试用户','测试部门',1,'做实验','',NULL,3,2,2,NULL,1,'2026-03-17 19:08:25',NULL,'2026-03-17 19:08:38',0),(4,'APP20260317296886',1,'测试用户','测试部门',1,'????-?????','???B201','2026-03-18',3,2,2,'??????????',1,'2026-03-17 19:31:38',NULL,'2026-03-17 19:31:39',0),(5,'APP20260317228584',1,'测试用户','测试部门',1,'做实验','',NULL,3,2,2,NULL,1,'2026-03-17 19:36:03',NULL,'2026-03-17 19:36:16',0),(6,'APP20260317215562',1,'测试用户','测试部门',1,'???????','???C301','2026-03-18',3,2,2,'health-check',1,'2026-03-17 20:44:27',NULL,'2026-03-17 20:44:28',0),(7,'APP20260317629086',1,'测试用户','测试部门',1,'做实验','123232教室',NULL,5,2,2,NULL,1,'2026-03-17 22:15:09',NULL,'2026-03-17 22:16:57',0),(8,'APP20260318724847',1,'admin','未设置部门',1,'做实验','',NULL,5,2,2,NULL,1,'2026-03-18 11:11:15',NULL,'2026-03-18 11:11:58',0);
/*!40000 ALTER TABLE `material_application` ENABLE KEYS */;
UNLOCK TABLES;

--
-- Table structure for table `material_application_item`
--

DROP TABLE IF EXISTS `material_application_item`;
/*!40101 SET @saved_cs_client     = @@character_set_client */;
/*!50503 SET character_set_client = utf8mb4 */;
CREATE TABLE `material_application_item` (
  `id` bigint NOT NULL AUTO_INCREMENT COMMENT 'æ˜Žç»†ID',
  `application_id` bigint NOT NULL COMMENT 'ç”³è¯·å•ID',
  `material_id` bigint NOT NULL COMMENT 'è¯å“ID',
  `material_name` varchar(200) NOT NULL COMMENT 'è¯å“åç§°',
  `specification` varchar(100) DEFAULT NULL COMMENT 'è§„æ ¼',
  `unit` varchar(20) NOT NULL COMMENT 'å•ä½',
  `apply_quantity` decimal(10,2) NOT NULL COMMENT 'ç”³è¯·æ•°é‡',
  `approved_quantity` decimal(10,2) DEFAULT NULL COMMENT 'æ‰¹å‡†æ•°é‡',
  `actual_quantity` decimal(10,2) DEFAULT NULL COMMENT 'å®žé™…å‡ºåº“æ•°é‡',
  `remark` varchar(500) DEFAULT NULL COMMENT 'å¤‡æ³¨',
  `created_time` datetime DEFAULT CURRENT_TIMESTAMP COMMENT 'åˆ›å»ºæ—¶é—´',
  PRIMARY KEY (`id`),
  KEY `idx_application_id` (`application_id`),
  KEY `idx_material_id` (`material_id`)
) ENGINE=InnoDB AUTO_INCREMENT=9 DEFAULT CHARSET=utf8mb4 COLLATE=utf8mb4_0900_ai_ci COMMENT='é¢†ç”¨ç”³è¯·æ˜Žç»†è¡¨';
/*!40101 SET character_set_client = @saved_cs_client */;

--
-- Dumping data for table `material_application_item`
--

LOCK TABLES `material_application_item` WRITE;
/*!40000 ALTER TABLE `material_application_item` DISABLE KEYS */;
INSERT INTO `material_application_item` VALUES (2,2,1,'丙三醇','500ml','天津制药厂',1.00,NULL,NULL,'????','2026-03-17 19:06:34'),(3,3,2,'无水乙醇','分析纯,500mL','瓶',1.00,1.00,NULL,'','2026-03-17 19:08:25'),(4,4,1,'丙三醇','500ml','天津制药厂',1.00,NULL,NULL,'????','2026-03-17 19:31:38'),(5,5,1,'丙三醇','500ml','天津制药厂',3.00,3.00,NULL,'','2026-03-17 19:36:03'),(6,6,1,'丙三醇','500ml','天津制药厂',1.00,NULL,NULL,'health-check','2026-03-17 20:44:27'),(7,7,27,'硫酸(98%)','500mL','瓶',2.00,2.00,NULL,'','2026-03-17 22:15:09'),(8,8,3,'乙醇(95%)','500mL','瓶',1.00,1.00,NULL,'','2026-03-18 11:11:15');
/*!40000 ALTER TABLE `material_application_item` ENABLE KEYS */;
UNLOCK TABLES;

--
-- Table structure for table `material_category`
--

DROP TABLE IF EXISTS `material_category`;
/*!40101 SET @saved_cs_client     = @@character_set_client */;
/*!50503 SET character_set_client = utf8mb4 */;
CREATE TABLE `material_category` (
  `id` bigint NOT NULL AUTO_INCREMENT COMMENT 'åˆ†ç±»ID',
  `category_code` varchar(50) NOT NULL COMMENT 'åˆ†ç±»ç¼–ç ',
  `category_name` varchar(100) NOT NULL COMMENT 'åˆ†ç±»åç§°',
  `parent_id` bigint DEFAULT '0' COMMENT 'çˆ¶åˆ†ç±»ID',
  `category_level` tinyint NOT NULL COMMENT 'åˆ†ç±»å±‚çº§:1-ä¸€çº§,2-äºŒçº§,3-ä¸‰çº§',
  `sort_order` int DEFAULT '0' COMMENT 'æŽ’åº',
  `description` varchar(500) DEFAULT NULL COMMENT 'åˆ†ç±»æè¿°',
  `created_time` datetime DEFAULT CURRENT_TIMESTAMP COMMENT 'åˆ›å»ºæ—¶é—´',
  `updated_time` datetime DEFAULT CURRENT_TIMESTAMP ON UPDATE CURRENT_TIMESTAMP COMMENT 'æ›´æ–°æ—¶é—´',
  `deleted` tinyint DEFAULT '0' COMMENT 'åˆ é™¤æ ‡è®°',
  PRIMARY KEY (`id`),
  UNIQUE KEY `category_code` (`category_code`),
  KEY `idx_parent_id` (`parent_id`),
  KEY `idx_category_code` (`category_code`)
) ENGINE=InnoDB AUTO_INCREMENT=15 DEFAULT CHARSET=utf8mb4 COLLATE=utf8mb4_0900_ai_ci COMMENT='è¯å“åˆ†ç±»è¡¨';
/*!40101 SET character_set_client = @saved_cs_client */;

--
-- Dumping data for table `material_category`
--

LOCK TABLES `material_category` WRITE;
/*!40000 ALTER TABLE `material_category` DISABLE KEYS */;
INSERT INTO `material_category` VALUES (1,'CONSUMABLE','è€—æ',0,1,1,'å®žéªŒå®¤æ¶ˆè€—æ€§ç‰©èµ„','2026-03-17 16:04:31','2026-03-17 16:04:31',0),(2,'REAGENT','试剂',0,1,2,'生物实验室常用试剂','2026-03-17 16:04:31','2026-03-17 18:02:07',0),(3,'HAZARDOUS','危化品',0,1,3,'危险化学品','2026-03-17 16:04:31','2026-03-17 18:02:07',0),(4,'CONSUMABLE_GLASS','çŽ»ç’ƒå™¨çš¿',1,2,1,'å„ç±»çŽ»ç’ƒå®žéªŒå™¨çš¿','2026-03-17 16:04:31','2026-03-17 16:04:31',0),(5,'CONSUMABLE_PLASTIC','å¡‘æ–™è€—æ',1,2,2,'å„ç±»å¡‘æ–™å®žéªŒè€—æ','2026-03-17 16:04:31','2026-03-17 16:04:31',0),(6,'REAGENT_ORGANIC','æœ‰æœºè¯•å‰‚',2,2,1,'æœ‰æœºåŒ–å­¦è¯•å‰‚','2026-03-17 16:04:31','2026-03-17 16:04:31',0),(7,'REAGENT_INORGANIC','æ— æœºè¯•å‰‚',2,2,2,'æ— æœºåŒ–å­¦è¯•å‰‚','2026-03-17 16:04:31','2026-03-17 16:04:31',0),(8,'HAZARDOUS_FLAMMABLE','æ˜“ç‡ƒå“',3,2,1,'æ˜“ç‡ƒå±é™©åŒ–å­¦å“','2026-03-17 16:04:31','2026-03-17 16:04:31',0),(9,'HAZARDOUS_TOXIC','æœ‰æ¯’å“',3,2,2,'æœ‰æ¯’å±é™©åŒ–å­¦å“','2026-03-17 16:04:31','2026-03-17 16:04:31',0),(10,'HAZARDOUS_CORROSIVE','è…èš€å“',3,2,3,'è…èš€æ€§å±é™©åŒ–å­¦å“','2026-03-17 16:04:31','2026-03-17 16:04:31',0);
/*!40000 ALTER TABLE `material_category` ENABLE KEYS */;
UNLOCK TABLES;

--
-- Table structure for table `notification`
--

DROP TABLE IF EXISTS `notification`;
/*!40101 SET @saved_cs_client     = @@character_set_client */;
/*!50503 SET character_set_client = utf8mb4 */;
CREATE TABLE `notification` (
  `id` bigint NOT NULL AUTO_INCREMENT,
  `receiver_id` bigint NOT NULL,
  `notification_type` tinyint NOT NULL,
  `title` varchar(200) COLLATE utf8mb4_unicode_ci NOT NULL,
  `content` text COLLATE utf8mb4_unicode_ci NOT NULL,
  `business_type` varchar(50) COLLATE utf8mb4_unicode_ci DEFAULT NULL,
  `business_id` bigint DEFAULT NULL,
  `push_channel` tinyint DEFAULT '1',
  `is_read` tinyint DEFAULT '0',
  `read_time` datetime DEFAULT NULL,
  `created_time` datetime DEFAULT CURRENT_TIMESTAMP,
  PRIMARY KEY (`id`),
  KEY `idx_receiver_id` (`receiver_id`),
  KEY `idx_is_read` (`is_read`),
  KEY `idx_notification_type` (`notification_type`),
  KEY `idx_created_time` (`created_time`)
) ENGINE=InnoDB DEFAULT CHARSET=utf8mb4 COLLATE=utf8mb4_unicode_ci;
/*!40101 SET character_set_client = @saved_cs_client */;

--
-- Dumping data for table `notification`
--

LOCK TABLES `notification` WRITE;
/*!40000 ALTER TABLE `notification` DISABLE KEYS */;
/*!40000 ALTER TABLE `notification` ENABLE KEYS */;
UNLOCK TABLES;

--
-- Table structure for table `stock_alert_config`
--

DROP TABLE IF EXISTS `stock_alert_config`;
/*!40101 SET @saved_cs_client     = @@character_set_client */;
/*!50503 SET character_set_client = utf8mb4 */;
CREATE TABLE `stock_alert_config` (
  `id` bigint NOT NULL AUTO_INCREMENT COMMENT 'é…ç½®ID',
  `material_id` bigint NOT NULL COMMENT 'è¯å“ID',
  `alert_type` tinyint NOT NULL COMMENT 'é¢„è­¦ç±»åž‹:1-ä½Žåº“å­˜,2-æœ‰æ•ˆæœŸ,3-å¼‚å¸¸æ¶ˆè€—',
  `threshold_value` decimal(10,2) DEFAULT NULL COMMENT 'é˜ˆå€¼',
  `alert_days` int DEFAULT NULL COMMENT 'æå‰é¢„è­¦å¤©æ•°',
  `status` tinyint DEFAULT '1' COMMENT 'çŠ¶æ€:0-åœç”¨,1-å¯ç”¨',
  `created_time` datetime DEFAULT CURRENT_TIMESTAMP COMMENT 'åˆ›å»ºæ—¶é—´',
  `updated_time` datetime DEFAULT CURRENT_TIMESTAMP ON UPDATE CURRENT_TIMESTAMP COMMENT 'æ›´æ–°æ—¶é—´',
  PRIMARY KEY (`id`),
  UNIQUE KEY `uk_material_alert` (`material_id`,`alert_type`),
  KEY `idx_material_id` (`material_id`)
) ENGINE=InnoDB DEFAULT CHARSET=utf8mb4 COLLATE=utf8mb4_0900_ai_ci COMMENT='åº“å­˜é¢„è­¦é…ç½®è¡¨';
/*!40101 SET character_set_client = @saved_cs_client */;

--
-- Dumping data for table `stock_alert_config`
--

LOCK TABLES `stock_alert_config` WRITE;
/*!40000 ALTER TABLE `stock_alert_config` DISABLE KEYS */;
/*!40000 ALTER TABLE `stock_alert_config` ENABLE KEYS */;
UNLOCK TABLES;

--
-- Table structure for table `stock_check`
--

DROP TABLE IF EXISTS `stock_check`;
/*!40101 SET @saved_cs_client     = @@character_set_client */;
/*!50503 SET character_set_client = utf8mb4 */;
CREATE TABLE `stock_check` (
  `id` bigint NOT NULL AUTO_INCREMENT COMMENT 'ç›˜ç‚¹ID',
  `check_no` varchar(50) NOT NULL COMMENT 'ç›˜ç‚¹å•å·',
  `warehouse_id` bigint NOT NULL COMMENT 'ä»“åº“ID',
  `check_date` date NOT NULL COMMENT 'ç›˜ç‚¹æ—¥æœŸ',
  `checker_id` bigint NOT NULL COMMENT 'ç›˜ç‚¹äººID',
  `status` tinyint DEFAULT '1' COMMENT 'çŠ¶æ€:1-ç›˜ç‚¹ä¸­,2-å·²å®Œæˆ',
  `remark` text COMMENT 'å¤‡æ³¨',
  `created_by` bigint DEFAULT NULL COMMENT 'åˆ›å»ºäºº',
  `created_time` datetime DEFAULT CURRENT_TIMESTAMP COMMENT 'åˆ›å»ºæ—¶é—´',
  `updated_time` datetime DEFAULT CURRENT_TIMESTAMP ON UPDATE CURRENT_TIMESTAMP COMMENT 'æ›´æ–°æ—¶é—´',
  `deleted` tinyint DEFAULT '0' COMMENT 'åˆ é™¤æ ‡è®°:0-æœªåˆ é™¤,1-å·²åˆ é™¤',
  PRIMARY KEY (`id`),
  UNIQUE KEY `check_no` (`check_no`),
  KEY `idx_check_no` (`check_no`),
  KEY `idx_warehouse_id` (`warehouse_id`),
  KEY `idx_check_date` (`check_date`)
) ENGINE=InnoDB AUTO_INCREMENT=2 DEFAULT CHARSET=utf8mb4 COLLATE=utf8mb4_0900_ai_ci COMMENT='åº“å­˜ç›˜ç‚¹è¡¨';
/*!40101 SET character_set_client = @saved_cs_client */;

--
-- Dumping data for table `stock_check`
--

LOCK TABLES `stock_check` WRITE;
/*!40000 ALTER TABLE `stock_check` DISABLE KEYS */;
INSERT INTO `stock_check` VALUES (1,'CHK202603170001',4,'2026-03-17',1,1,'check-ui',NULL,NULL,NULL,0);
/*!40000 ALTER TABLE `stock_check` ENABLE KEYS */;
UNLOCK TABLES;

--
-- Table structure for table `stock_check_detail`
--

DROP TABLE IF EXISTS `stock_check_detail`;
/*!40101 SET @saved_cs_client     = @@character_set_client */;
/*!50503 SET character_set_client = utf8mb4 */;
CREATE TABLE `stock_check_detail` (
  `id` bigint NOT NULL AUTO_INCREMENT COMMENT 'æ˜Žç»†ID',
  `check_id` bigint NOT NULL COMMENT 'ç›˜ç‚¹ID',
  `material_id` bigint NOT NULL COMMENT 'è¯å“ID',
  `batch_number` varchar(50) DEFAULT NULL COMMENT 'æ‰¹æ¬¡å·',
  `book_quantity` decimal(10,2) NOT NULL COMMENT 'è´¦é¢æ•°é‡',
  `actual_quantity` decimal(10,2) NOT NULL COMMENT 'å®žé™…æ•°é‡',
  `diff_quantity` decimal(10,2) NOT NULL COMMENT 'å·®å¼‚æ•°é‡',
  `diff_reason` varchar(500) DEFAULT NULL COMMENT 'å·®å¼‚åŽŸå› ',
  `storage_location_id` bigint DEFAULT NULL COMMENT 'å­˜å‚¨ä½ç½®ID',
  `created_time` datetime DEFAULT CURRENT_TIMESTAMP COMMENT 'åˆ›å»ºæ—¶é—´',
  PRIMARY KEY (`id`),
  KEY `idx_check_id` (`check_id`),
  KEY `idx_material_id` (`material_id`)
) ENGINE=InnoDB AUTO_INCREMENT=2 DEFAULT CHARSET=utf8mb4 COLLATE=utf8mb4_0900_ai_ci COMMENT='åº“å­˜ç›˜ç‚¹æ˜Žç»†è¡¨';
/*!40101 SET character_set_client = @saved_cs_client */;

--
-- Dumping data for table `stock_check_detail`
--

LOCK TABLES `stock_check_detail` WRITE;
/*!40000 ALTER TABLE `stock_check_detail` DISABLE KEYS */;
INSERT INTO `stock_check_detail` VALUES (1,1,1,'B20260317',10.00,9.00,-1.00,'??',NULL,NULL);
/*!40000 ALTER TABLE `stock_check_detail` ENABLE KEYS */;
UNLOCK TABLES;

--
-- Table structure for table `stock_in`
--

DROP TABLE IF EXISTS `stock_in`;
/*!40101 SET @saved_cs_client     = @@character_set_client */;
/*!50503 SET character_set_client = utf8mb4 */;
CREATE TABLE `stock_in` (
  `id` bigint NOT NULL AUTO_INCREMENT COMMENT 'å…¥åº“å•ID',
  `in_order_no` varchar(50) NOT NULL COMMENT 'å…¥åº“å•å·',
  `in_type` tinyint NOT NULL COMMENT 'å…¥åº“ç±»åž‹:1-é‡‡è´­å…¥åº“,2-é€€åº“å…¥åº“,3-å…¶ä»–å…¥åº“',
  `warehouse_id` bigint NOT NULL COMMENT 'ä»“åº“ID',
  `supplier_id` bigint DEFAULT NULL COMMENT 'ä¾›åº”å•†ID',
  `total_amount` decimal(12,2) DEFAULT NULL COMMENT 'æ€»é‡‘é¢',
  `in_date` date NOT NULL COMMENT 'å…¥åº“æ—¥æœŸ',
  `operator_id` bigint NOT NULL COMMENT 'ç»æ‰‹äººID',
  `status` tinyint DEFAULT '1' COMMENT 'çŠ¶æ€:1-å¾…å…¥åº“,2-å·²å…¥åº“,3-å·²å–æ¶ˆ',
  `remark` text COMMENT 'å¤‡æ³¨',
  `attachment_url` varchar(500) DEFAULT NULL COMMENT 'é™„ä»¶URL',
  `created_by` bigint DEFAULT NULL COMMENT 'åˆ›å»ºäºº',
  `created_time` datetime DEFAULT CURRENT_TIMESTAMP COMMENT 'åˆ›å»ºæ—¶é—´',
  `updated_by` bigint DEFAULT NULL COMMENT 'æ›´æ–°äºº',
  `updated_time` datetime DEFAULT CURRENT_TIMESTAMP ON UPDATE CURRENT_TIMESTAMP COMMENT 'æ›´æ–°æ—¶é—´',
  `deleted` tinyint DEFAULT '0' COMMENT 'åˆ é™¤æ ‡è®°:0-æœªåˆ é™¤,1-å·²åˆ é™¤',
  PRIMARY KEY (`id`),
  UNIQUE KEY `in_order_no` (`in_order_no`),
  KEY `idx_in_order_no` (`in_order_no`),
  KEY `idx_warehouse_id` (`warehouse_id`),
  KEY `idx_in_date` (`in_date`),
  KEY `idx_status` (`status`)
) ENGINE=InnoDB AUTO_INCREMENT=11 DEFAULT CHARSET=utf8mb4 COLLATE=utf8mb4_0900_ai_ci COMMENT='å…¥åº“å•è¡¨';
/*!40101 SET character_set_client = @saved_cs_client */;

--
-- Dumping data for table `stock_in`
--

LOCK TABLES `stock_in` WRITE;
/*!40000 ALTER TABLE `stock_in` DISABLE KEYS */;
INSERT INTO `stock_in` VALUES (1,'IN202603170001',1,1,NULL,0.00,'2026-03-17',1,2,'',NULL,NULL,NULL,NULL,NULL,0),(2,'IN202603170002',1,4,NULL,0.00,'2026-03-17',1,2,'',NULL,NULL,NULL,NULL,NULL,0),(3,'IN202603170003',1,1,NULL,20.00,'2026-03-17',1,2,'test',NULL,NULL,NULL,NULL,NULL,0),(4,'IN202603170004',1,1,NULL,37.50,'2026-03-17',1,2,'fix-verify',NULL,NULL,NULL,NULL,NULL,0),(5,'IN202603170005',1,4,NULL,0.00,'2026-03-17',1,2,'',NULL,NULL,NULL,NULL,NULL,0),(6,'IN202603170006',1,4,NULL,7.00,'2026-03-17',1,2,'ui-test',NULL,NULL,NULL,1,'2026-03-17 19:38:22',0),(7,'IN202603170007',3,4,NULL,0.00,'2026-03-17',1,2,'',NULL,NULL,NULL,NULL,NULL,0),(8,'IN202603170008',1,4,NULL,140.00,'2026-03-17',1,2,'',NULL,1,'2026-03-17 18:32:24',1,'2026-03-17 18:32:40',0),(9,'IN202603170009',1,4,NULL,90.00,'2026-03-17',1,2,'',NULL,1,'2026-03-17 22:13:40',1,'2026-03-17 22:14:18',0),(10,'IN202603180001',1,4,NULL,440.00,'2026-03-18',1,2,'',NULL,1,'2026-03-18 11:09:45',1,'2026-03-18 11:10:00',0);
/*!40000 ALTER TABLE `stock_in` ENABLE KEYS */;
UNLOCK TABLES;

--
-- Table structure for table `stock_in_detail`
--

DROP TABLE IF EXISTS `stock_in_detail`;
/*!40101 SET @saved_cs_client     = @@character_set_client */;
/*!50503 SET character_set_client = utf8mb4 */;
CREATE TABLE `stock_in_detail` (
  `id` bigint NOT NULL AUTO_INCREMENT COMMENT 'æ˜Žç»†ID',
  `in_order_id` bigint NOT NULL COMMENT 'å…¥åº“å•ID',
  `material_id` bigint NOT NULL COMMENT 'è¯å“ID',
  `batch_number` varchar(50) DEFAULT NULL COMMENT 'æ‰¹æ¬¡å·',
  `quantity` decimal(10,2) NOT NULL COMMENT 'å…¥åº“æ•°é‡',
  `unit_price` decimal(10,2) DEFAULT NULL COMMENT 'å•ä»·',
  `total_amount` decimal(12,2) DEFAULT NULL COMMENT 'é‡‘é¢',
  `production_date` date DEFAULT NULL COMMENT 'ç”Ÿäº§æ—¥æœŸ',
  `expire_date` date DEFAULT NULL COMMENT 'æœ‰æ•ˆæœŸè‡³',
  `storage_location_id` bigint DEFAULT NULL COMMENT 'å­˜å‚¨ä½ç½®ID',
  `created_time` datetime DEFAULT CURRENT_TIMESTAMP COMMENT 'åˆ›å»ºæ—¶é—´',
  PRIMARY KEY (`id`),
  KEY `idx_in_order_id` (`in_order_id`),
  KEY `idx_material_id` (`material_id`)
) ENGINE=InnoDB AUTO_INCREMENT=11 DEFAULT CHARSET=utf8mb4 COLLATE=utf8mb4_0900_ai_ci COMMENT='å…¥åº“å•æ˜Žç»†è¡¨';
/*!40101 SET character_set_client = @saved_cs_client */;

--
-- Dumping data for table `stock_in_detail`
--

LOCK TABLES `stock_in_detail` WRITE;
/*!40000 ALTER TABLE `stock_in_detail` DISABLE KEYS */;
INSERT INTO `stock_in_detail` VALUES (1,1,1,'',6.00,0.00,0.00,NULL,NULL,NULL,NULL),(2,2,1,'',6.00,0.00,0.00,NULL,NULL,NULL,NULL),(3,3,1,'B173114',2.00,10.00,20.00,NULL,NULL,NULL,NULL),(4,4,1,'BFIX173325',3.00,12.50,37.50,NULL,NULL,NULL,NULL),(5,5,1,'',6.00,0.00,0.00,NULL,NULL,NULL,NULL),(6,6,1,'B20260317',2.00,3.50,7.00,'2026-03-01','2027-03-01',NULL,NULL),(7,7,1,'',6.00,0.00,0.00,NULL,NULL,NULL,NULL),(8,8,2,'',5.00,28.00,140.00,NULL,NULL,NULL,'2026-03-17 18:32:24'),(9,9,27,'',5.00,18.00,90.00,NULL,NULL,NULL,'2026-03-17 22:13:40'),(10,10,3,'',20.00,22.00,440.00,NULL,NULL,NULL,'2026-03-18 11:09:45');
/*!40000 ALTER TABLE `stock_in_detail` ENABLE KEYS */;
UNLOCK TABLES;

--
-- Table structure for table `stock_inventory`
--

DROP TABLE IF EXISTS `stock_inventory`;
/*!40101 SET @saved_cs_client     = @@character_set_client */;
/*!50503 SET character_set_client = utf8mb4 */;
CREATE TABLE `stock_inventory` (
  `id` bigint NOT NULL AUTO_INCREMENT COMMENT 'åº“å­˜ID',
  `material_id` bigint NOT NULL COMMENT 'è¯å“ID',
  `warehouse_id` bigint NOT NULL COMMENT 'ä»“åº“ID',
  `storage_location_id` bigint DEFAULT NULL COMMENT 'å­˜å‚¨ä½ç½®ID',
  `batch_number` varchar(50) DEFAULT NULL COMMENT 'æ‰¹æ¬¡å·',
  `quantity` decimal(10,2) NOT NULL DEFAULT '0.00' COMMENT 'åº“å­˜æ•°é‡',
  `available_quantity` decimal(10,2) NOT NULL DEFAULT '0.00' COMMENT 'å¯ç”¨æ•°é‡',
  `locked_quantity` decimal(10,2) NOT NULL DEFAULT '0.00' COMMENT 'é”å®šæ•°é‡',
  `production_date` date DEFAULT NULL COMMENT 'ç”Ÿäº§æ—¥æœŸ',
  `expire_date` date DEFAULT NULL COMMENT 'æœ‰æ•ˆæœŸè‡³',
  `unit_price` decimal(10,2) DEFAULT NULL COMMENT 'å•ä»·',
  `total_amount` decimal(12,2) DEFAULT NULL COMMENT 'æ€»é‡‘é¢',
  `last_check_date` date DEFAULT NULL COMMENT 'æœ€åŽç›˜ç‚¹æ—¥æœŸ',
  `created_time` datetime DEFAULT CURRENT_TIMESTAMP COMMENT 'åˆ›å»ºæ—¶é—´',
  `updated_time` datetime DEFAULT CURRENT_TIMESTAMP ON UPDATE CURRENT_TIMESTAMP COMMENT 'æ›´æ–°æ—¶é—´',
  PRIMARY KEY (`id`),
  UNIQUE KEY `uk_material_warehouse_batch` (`material_id`,`warehouse_id`,`batch_number`),
  KEY `idx_material_id` (`material_id`),
  KEY `idx_warehouse_id` (`warehouse_id`),
  KEY `idx_expire_date` (`expire_date`)
) ENGINE=InnoDB AUTO_INCREMENT=9 DEFAULT CHARSET=utf8mb4 COLLATE=utf8mb4_0900_ai_ci COMMENT='åº“å­˜è¡¨';
/*!40101 SET character_set_client = @saved_cs_client */;

--
-- Dumping data for table `stock_inventory`
--

LOCK TABLES `stock_inventory` WRITE;
/*!40000 ALTER TABLE `stock_inventory` DISABLE KEYS */;
INSERT INTO `stock_inventory` VALUES (1,1,1,NULL,'B173114',2.00,2.00,0.00,NULL,NULL,10.00,20.00,NULL,NULL,NULL),(2,1,1,NULL,'BFIX173325',3.00,3.00,0.00,NULL,NULL,12.50,37.50,NULL,NULL,NULL),(3,1,1,NULL,'',6.00,6.00,0.00,NULL,NULL,0.00,0.00,NULL,NULL,NULL),(4,1,4,NULL,'',16.00,16.00,0.00,NULL,NULL,0.00,0.00,NULL,NULL,NULL),(5,2,4,NULL,'',5.00,5.00,0.00,NULL,NULL,28.00,140.00,NULL,NULL,NULL),(6,1,4,NULL,'B20260317',2.00,2.00,0.00,'2026-03-01','2027-03-01',3.50,7.00,NULL,NULL,NULL),(7,27,4,NULL,'',3.00,3.00,0.00,NULL,NULL,18.00,54.00,NULL,NULL,NULL),(8,3,4,NULL,'',19.00,19.00,0.00,NULL,NULL,22.00,418.00,NULL,NULL,NULL);
/*!40000 ALTER TABLE `stock_inventory` ENABLE KEYS */;
UNLOCK TABLES;

--
-- Table structure for table `stock_out`
--

DROP TABLE IF EXISTS `stock_out`;
/*!40101 SET @saved_cs_client     = @@character_set_client */;
/*!50503 SET character_set_client = utf8mb4 */;
CREATE TABLE `stock_out` (
  `id` bigint NOT NULL AUTO_INCREMENT COMMENT 'å‡ºåº“å•ID',
  `out_order_no` varchar(50) NOT NULL COMMENT 'å‡ºåº“å•å·',
  `out_type` tinyint NOT NULL COMMENT 'å‡ºåº“ç±»åž‹:1-é¢†ç”¨å‡ºåº“,2-æŠ¥åºŸå‡ºåº“,3-è°ƒæ‹¨å‡ºåº“',
  `warehouse_id` bigint NOT NULL COMMENT 'ä»“åº“ID',
  `application_id` bigint DEFAULT NULL COMMENT 'å…³è”ç”³è¯·å•ID',
  `receiver_id` bigint DEFAULT NULL COMMENT 'é¢†ç”¨äººID',
  `receiver_name` varchar(50) DEFAULT NULL COMMENT 'é¢†ç”¨äººå§“å',
  `receiver_dept` varchar(100) DEFAULT NULL COMMENT 'é¢†ç”¨éƒ¨é—¨',
  `out_date` date NOT NULL COMMENT 'å‡ºåº“æ—¥æœŸ',
  `operator_id` bigint NOT NULL COMMENT 'ç»æ‰‹äººID',
  `status` tinyint DEFAULT '1' COMMENT 'çŠ¶æ€:1-å¾…å‡ºåº“,2-å·²å‡ºåº“,3-å·²å–æ¶ˆ',
  `remark` text COMMENT 'å¤‡æ³¨',
  `created_by` bigint DEFAULT NULL COMMENT 'åˆ›å»ºäºº',
  `created_time` datetime DEFAULT CURRENT_TIMESTAMP COMMENT 'åˆ›å»ºæ—¶é—´',
  `updated_by` bigint DEFAULT NULL COMMENT 'æ›´æ–°äºº',
  `updated_time` datetime DEFAULT CURRENT_TIMESTAMP ON UPDATE CURRENT_TIMESTAMP COMMENT 'æ›´æ–°æ—¶é—´',
  `deleted` tinyint DEFAULT '0' COMMENT 'åˆ é™¤æ ‡è®°:0-æœªåˆ é™¤,1-å·²åˆ é™¤',
  PRIMARY KEY (`id`),
  UNIQUE KEY `out_order_no` (`out_order_no`),
  KEY `idx_out_order_no` (`out_order_no`),
  KEY `idx_warehouse_id` (`warehouse_id`),
  KEY `idx_application_id` (`application_id`),
  KEY `idx_out_date` (`out_date`),
  KEY `idx_status` (`status`)
) ENGINE=InnoDB AUTO_INCREMENT=7 DEFAULT CHARSET=utf8mb4 COLLATE=utf8mb4_0900_ai_ci COMMENT='å‡ºåº“å•è¡¨';
/*!40101 SET character_set_client = @saved_cs_client */;

--
-- Dumping data for table `stock_out`
--

LOCK TABLES `stock_out` WRITE;
/*!40000 ALTER TABLE `stock_out` DISABLE KEYS */;
INSERT INTO `stock_out` VALUES (1,'OUT202603170001',1,4,NULL,1,NULL,NULL,'2026-03-17',1,2,'',NULL,NULL,NULL,NULL,0),(2,'OUT202603170002',1,1,4,1,'测试用户','测试部门','2026-03-17',1,1,'审批通过自动拆分出库，申请单: APP20260317296886',1,'2026-03-17 19:31:39',1,'2026-03-17 19:31:39',0),(3,'OUT202603170003',1,1,5,1,'测试用户','测试部门','2026-03-17',1,1,'审批通过自动拆分出库，申请单: APP20260317228584',1,'2026-03-17 19:36:16',1,'2026-03-17 19:36:16',0),(4,'OUT202603170004',1,1,6,1,'测试用户','测试部门','2026-03-17',1,1,'审批通过自动拆分出库，申请单: APP20260317215562',1,'2026-03-17 20:44:28',1,'2026-03-17 20:44:28',0),(5,'OUT202603170005',1,4,7,1,'测试用户','测试部门','2026-03-17',1,2,'审批通过自动拆分出库，申请单: APP20260317629086',1,'2026-03-17 22:15:54',1,'2026-03-17 22:16:57',0),(6,'OUT202603180001',1,4,8,1,'admin','未设置部门','2026-03-18',1,2,'审批通过自动拆分出库，申请单: APP20260318724847',1,'2026-03-18 11:11:42',1,'2026-03-18 11:11:58',0);
/*!40000 ALTER TABLE `stock_out` ENABLE KEYS */;
UNLOCK TABLES;

--
-- Table structure for table `stock_out_detail`
--

DROP TABLE IF EXISTS `stock_out_detail`;
/*!40101 SET @saved_cs_client     = @@character_set_client */;
/*!50503 SET character_set_client = utf8mb4 */;
CREATE TABLE `stock_out_detail` (
  `id` bigint NOT NULL AUTO_INCREMENT COMMENT 'æ˜Žç»†ID',
  `out_order_id` bigint NOT NULL COMMENT 'å‡ºåº“å•ID',
  `material_id` bigint NOT NULL COMMENT 'è¯å“ID',
  `batch_number` varchar(50) DEFAULT NULL COMMENT 'æ‰¹æ¬¡å·',
  `quantity` decimal(10,2) NOT NULL COMMENT 'å‡ºåº“æ•°é‡',
  `unit_price` decimal(10,2) DEFAULT NULL COMMENT 'å•ä»·',
  `total_amount` decimal(12,2) DEFAULT NULL COMMENT 'é‡‘é¢',
  `storage_location_id` bigint DEFAULT NULL COMMENT 'å­˜å‚¨ä½ç½®ID',
  `created_time` datetime DEFAULT CURRENT_TIMESTAMP COMMENT 'åˆ›å»ºæ—¶é—´',
  PRIMARY KEY (`id`),
  KEY `idx_out_order_id` (`out_order_id`),
  KEY `idx_material_id` (`material_id`)
) ENGINE=InnoDB AUTO_INCREMENT=8 DEFAULT CHARSET=utf8mb4 COLLATE=utf8mb4_0900_ai_ci COMMENT='å‡ºåº“å•æ˜Žç»†è¡¨';
/*!40101 SET character_set_client = @saved_cs_client */;

--
-- Dumping data for table `stock_out_detail`
--

LOCK TABLES `stock_out_detail` WRITE;
/*!40000 ALTER TABLE `stock_out_detail` DISABLE KEYS */;
INSERT INTO `stock_out_detail` VALUES (1,1,1,'',2.00,NULL,NULL,NULL,NULL),(2,2,1,'B173114',1.00,10.00,10.00,NULL,'2026-03-17 19:31:39'),(3,3,1,'B173114',2.00,10.00,20.00,NULL,'2026-03-17 19:36:16'),(4,3,1,'BFIX173325',1.00,12.50,12.50,NULL,'2026-03-17 19:36:16'),(5,4,1,'B173114',1.00,10.00,10.00,NULL,'2026-03-17 20:44:28'),(6,5,27,'',2.00,18.00,36.00,NULL,'2026-03-17 22:15:54'),(7,6,3,'',1.00,22.00,22.00,NULL,'2026-03-18 11:11:42');
/*!40000 ALTER TABLE `stock_out_detail` ENABLE KEYS */;
UNLOCK TABLES;

--
-- Table structure for table `storage_location`
--

DROP TABLE IF EXISTS `storage_location`;
/*!40101 SET @saved_cs_client     = @@character_set_client */;
/*!50503 SET character_set_client = utf8mb4 */;
CREATE TABLE `storage_location` (
  `id` bigint NOT NULL AUTO_INCREMENT COMMENT 'ä½ç½®ID',
  `warehouse_id` bigint NOT NULL COMMENT 'ä»“åº“ID',
  `location_code` varchar(50) NOT NULL COMMENT 'ä½ç½®ç¼–ç ',
  `location_name` varchar(100) NOT NULL COMMENT 'ä½ç½®åç§°',
  `shelf_number` varchar(50) DEFAULT NULL COMMENT 'è´§æž¶å·',
  `layer_number` varchar(50) DEFAULT NULL COMMENT 'å±‚å·',
  `status` tinyint DEFAULT '1' COMMENT 'çŠ¶æ€:0-åœç”¨,1-å¯ç”¨',
  `created_time` datetime DEFAULT CURRENT_TIMESTAMP COMMENT 'åˆ›å»ºæ—¶é—´',
  `updated_time` datetime DEFAULT CURRENT_TIMESTAMP ON UPDATE CURRENT_TIMESTAMP COMMENT 'æ›´æ–°æ—¶é—´',
  `deleted` tinyint DEFAULT '0' COMMENT 'åˆ é™¤æ ‡è®°:0-æœªåˆ é™¤,1-å·²åˆ é™¤',
  PRIMARY KEY (`id`),
  UNIQUE KEY `uk_warehouse_location` (`warehouse_id`,`location_code`),
  KEY `idx_warehouse_id` (`warehouse_id`)
) ENGINE=InnoDB DEFAULT CHARSET=utf8mb4 COLLATE=utf8mb4_0900_ai_ci COMMENT='å­˜å‚¨ä½ç½®è¡¨';
/*!40101 SET character_set_client = @saved_cs_client */;

--
-- Dumping data for table `storage_location`
--

LOCK TABLES `storage_location` WRITE;
/*!40000 ALTER TABLE `storage_location` DISABLE KEYS */;
/*!40000 ALTER TABLE `storage_location` ENABLE KEYS */;
UNLOCK TABLES;

--
-- Table structure for table `supplier`
--

DROP TABLE IF EXISTS `supplier`;
/*!40101 SET @saved_cs_client     = @@character_set_client */;
/*!50503 SET character_set_client = utf8mb4 */;
CREATE TABLE `supplier` (
  `id` bigint NOT NULL AUTO_INCREMENT COMMENT 'ä¾›åº”å•†ID',
  `supplier_code` varchar(50) NOT NULL COMMENT 'ä¾›åº”å•†ç¼–ç ',
  `supplier_name` varchar(200) NOT NULL COMMENT 'ä¾›åº”å•†åç§°',
  `contact_person` varchar(50) DEFAULT NULL COMMENT 'è”ç³»äºº',
  `contact_phone` varchar(20) DEFAULT NULL COMMENT 'è”ç³»ç”µè¯',
  `contact_email` varchar(100) DEFAULT NULL COMMENT 'è”ç³»é‚®ç®±',
  `address` varchar(500) DEFAULT NULL COMMENT 'åœ°å€',
  `qualification_file` varchar(500) DEFAULT NULL COMMENT 'èµ„è´¨æ–‡ä»¶URL',
  `status` tinyint DEFAULT '1' COMMENT 'çŠ¶æ€:0-åœç”¨,1-å¯ç”¨',
  `created_time` datetime DEFAULT CURRENT_TIMESTAMP COMMENT 'åˆ›å»ºæ—¶é—´',
  `updated_time` datetime DEFAULT CURRENT_TIMESTAMP ON UPDATE CURRENT_TIMESTAMP COMMENT 'æ›´æ–°æ—¶é—´',
  `deleted` tinyint DEFAULT '0' COMMENT 'åˆ é™¤æ ‡è®°',
  PRIMARY KEY (`id`),
  UNIQUE KEY `supplier_code` (`supplier_code`),
  KEY `idx_supplier_code` (`supplier_code`)
) ENGINE=InnoDB DEFAULT CHARSET=utf8mb4 COLLATE=utf8mb4_0900_ai_ci COMMENT='ä¾›åº”å•†è¡¨';
/*!40101 SET character_set_client = @saved_cs_client */;

--
-- Dumping data for table `supplier`
--

LOCK TABLES `supplier` WRITE;
/*!40000 ALTER TABLE `supplier` DISABLE KEYS */;
/*!40000 ALTER TABLE `supplier` ENABLE KEYS */;
UNLOCK TABLES;

--
-- Table structure for table `sys_permission`
--

DROP TABLE IF EXISTS `sys_permission`;
/*!40101 SET @saved_cs_client     = @@character_set_client */;
/*!50503 SET character_set_client = utf8mb4 */;
CREATE TABLE `sys_permission` (
  `id` bigint NOT NULL AUTO_INCREMENT COMMENT 'æƒé™ID',
  `permission_code` varchar(100) NOT NULL COMMENT 'æƒé™ç¼–ç ',
  `permission_name` varchar(100) NOT NULL COMMENT 'æƒé™åç§°',
  `permission_type` tinyint NOT NULL COMMENT 'æƒé™ç±»åž‹:1-èœå•,2-æŒ‰é’®,3-æŽ¥å£',
  `parent_id` bigint DEFAULT '0' COMMENT 'çˆ¶æƒé™ID',
  `path` varchar(200) DEFAULT NULL COMMENT 'è·¯ç”±è·¯å¾„',
  `component` varchar(200) DEFAULT NULL COMMENT 'ç»„ä»¶è·¯å¾„',
  `icon` varchar(100) DEFAULT NULL COMMENT 'å›¾æ ‡',
  `sort_order` int DEFAULT '0' COMMENT 'æŽ’åº',
  `status` tinyint DEFAULT '1' COMMENT 'çŠ¶æ€:0-ç¦ç”¨,1-å¯ç”¨',
  `created_time` datetime DEFAULT CURRENT_TIMESTAMP COMMENT 'åˆ›å»ºæ—¶é—´',
  `updated_time` datetime DEFAULT CURRENT_TIMESTAMP ON UPDATE CURRENT_TIMESTAMP COMMENT 'æ›´æ–°æ—¶é—´',
  PRIMARY KEY (`id`),
  UNIQUE KEY `permission_code` (`permission_code`)
) ENGINE=InnoDB AUTO_INCREMENT=39 DEFAULT CHARSET=utf8mb4 COLLATE=utf8mb4_0900_ai_ci COMMENT='æƒé™è¡¨';
/*!40101 SET character_set_client = @saved_cs_client */;

--
-- Dumping data for table `sys_permission`
--

LOCK TABLES `sys_permission` WRITE;
/*!40000 ALTER TABLE `sys_permission` DISABLE KEYS */;
INSERT INTO `sys_permission` VALUES (1,'system:user:list','用户列表查看',3,11,NULL,NULL,NULL,1010,1,'2026-03-17 21:18:58','2026-03-17 21:59:53'),(2,'system:user:create','用户创建',3,11,NULL,NULL,NULL,1020,1,'2026-03-17 21:18:58','2026-03-17 21:59:53'),(3,'system:user:update','用户编辑',3,11,NULL,NULL,NULL,1030,1,'2026-03-17 21:18:58','2026-03-17 21:59:53'),(4,'system:user:delete','用户删除',3,11,NULL,NULL,NULL,1040,1,'2026-03-17 21:18:58','2026-03-17 21:59:53'),(5,'system:user:assign-role','用户角色分配',3,11,NULL,NULL,NULL,1050,1,'2026-03-17 21:18:58','2026-03-17 21:59:53'),(6,'system:role:list','角色列表查看',3,11,NULL,NULL,NULL,2010,1,'2026-03-17 21:18:58','2026-03-17 21:59:53'),(7,'system:role:create','角色创建',3,11,NULL,NULL,NULL,2020,1,'2026-03-17 21:18:58','2026-03-17 21:59:53'),(8,'system:role:update','角色编辑',3,11,NULL,NULL,NULL,2030,1,'2026-03-17 21:18:58','2026-03-17 21:59:53'),(9,'system:role:delete','角色删除',3,11,NULL,NULL,NULL,2040,1,'2026-03-17 21:18:58','2026-03-17 21:59:53'),(10,'system:role:assign-permission','角色权限分配',3,11,NULL,NULL,NULL,2050,1,'2026-03-17 21:18:58','2026-03-17 21:59:53'),(11,'module:system','系统管理',1,0,NULL,NULL,NULL,100,1,'2026-03-17 21:59:53','2026-03-17 21:59:53'),(12,'module:material','物资管理',1,0,NULL,NULL,NULL,300,1,'2026-03-17 21:59:53','2026-03-17 21:59:53'),(13,'material:list','物资读取',3,12,NULL,NULL,NULL,3010,1,'2026-03-17 21:59:53','2026-03-17 21:59:53'),(14,'material:create','物资新增',3,12,NULL,NULL,NULL,3020,1,'2026-03-17 21:59:53','2026-03-17 21:59:53'),(15,'material:update','物资编辑',3,12,NULL,NULL,NULL,3030,1,'2026-03-17 21:59:53','2026-03-17 21:59:53'),(16,'material:delete','物资删除',3,12,NULL,NULL,NULL,3040,1,'2026-03-17 21:59:53','2026-03-17 21:59:53'),(17,'module:approval','申请审批',1,0,NULL,NULL,NULL,400,1,'2026-03-17 22:22:03','2026-03-17 22:22:03'),(18,'application:list','申请查看',3,17,NULL,NULL,NULL,4010,1,'2026-03-17 22:22:03','2026-03-17 22:22:03'),(19,'application:approve','申请审批',3,17,NULL,NULL,NULL,4020,1,'2026-03-17 22:22:03','2026-03-17 22:22:03'),(20,'module:inventory','库存管理',1,0,NULL,NULL,NULL,350,1,'2026-03-17 22:39:16','2026-03-17 22:39:16'),(21,'inventory:stock:list','库存查询',3,20,NULL,NULL,NULL,3510,1,'2026-03-17 22:39:16','2026-03-17 22:39:16'),(22,'inventory:stock-in:list','入库管理查看',3,20,NULL,NULL,NULL,3520,1,'2026-03-17 22:39:16','2026-03-18 10:09:28'),(23,'inventory:stock-out:list','出库管理查看',3,20,NULL,NULL,NULL,3530,1,'2026-03-17 22:39:16','2026-03-18 10:09:28'),(24,'inventory:stock-check:list','库存盘点查看',3,20,NULL,NULL,NULL,3540,1,'2026-03-17 22:39:16','2026-03-18 10:09:28'),(25,'inventory:stock-in:create','入库单新增',3,20,NULL,NULL,NULL,3521,1,'2026-03-18 00:11:30','2026-03-18 08:48:56'),(26,'inventory:stock-in:confirm','入库单确认',3,20,NULL,NULL,NULL,3522,1,'2026-03-18 00:11:30','2026-03-18 08:48:56'),(27,'inventory:stock-in:delete','入库单删除',3,20,NULL,NULL,NULL,3523,1,'2026-03-18 00:11:30','2026-03-18 08:48:56'),(28,'inventory:stock-out:create','出库单新增',3,20,NULL,NULL,NULL,3531,1,'2026-03-18 00:11:30','2026-03-18 08:48:56'),(29,'inventory:stock-out:confirm','出库单确认',3,20,NULL,NULL,NULL,3532,1,'2026-03-18 00:11:30','2026-03-18 08:48:56'),(30,'inventory:stock-out:delete','出库单删除',3,20,NULL,NULL,NULL,3533,1,'2026-03-18 00:11:30','2026-03-18 08:48:56'),(31,'inventory:stock-check:create','盘点单新建',3,20,NULL,NULL,NULL,3541,1,'2026-03-18 00:11:30','2026-03-18 08:48:56'),(32,'inventory:stock-check:record','盘点录入',3,20,NULL,NULL,NULL,3542,1,'2026-03-18 00:11:30','2026-03-18 08:48:56'),(33,'inventory:stock-check:complete','盘点完成',3,20,NULL,NULL,NULL,3543,1,'2026-03-18 00:11:30','2026-03-18 08:48:56'),(34,'module:hazardous','危化品管理',1,0,NULL,NULL,NULL,500,1,'2026-03-18 10:09:28','2026-03-18 10:09:28'),(35,'hazardous:usage:list','危化品使用记录查看',3,34,NULL,NULL,NULL,5010,1,'2026-03-18 10:09:28','2026-03-18 10:09:28'),(36,'hazardous:ledger:view','危化品台账查看',3,34,NULL,NULL,NULL,5020,1,'2026-03-18 10:09:28','2026-03-18 10:09:28'),(37,'module:alert','预警管理',1,0,NULL,NULL,NULL,600,1,'2026-03-18 10:09:28','2026-03-18 10:09:28'),(38,'alert:list','预警列表查看',3,37,NULL,NULL,NULL,6010,1,'2026-03-18 10:09:28','2026-03-18 10:09:28');
/*!40000 ALTER TABLE `sys_permission` ENABLE KEYS */;
UNLOCK TABLES;

--
-- Table structure for table `sys_role`
--

DROP TABLE IF EXISTS `sys_role`;
/*!40101 SET @saved_cs_client     = @@character_set_client */;
/*!50503 SET character_set_client = utf8mb4 */;
CREATE TABLE `sys_role` (
  `id` bigint NOT NULL AUTO_INCREMENT COMMENT 'è§’è‰²ID',
  `role_code` varchar(50) NOT NULL COMMENT 'è§’è‰²ç¼–ç ',
  `role_name` varchar(50) NOT NULL COMMENT 'è§’è‰²åç§°',
  `description` varchar(200) DEFAULT NULL COMMENT 'è§’è‰²æè¿°',
  `status` tinyint DEFAULT '1' COMMENT 'çŠ¶æ€:0-ç¦ç”¨,1-å¯ç”¨',
  `created_time` datetime DEFAULT CURRENT_TIMESTAMP COMMENT 'åˆ›å»ºæ—¶é—´',
  `updated_time` datetime DEFAULT CURRENT_TIMESTAMP ON UPDATE CURRENT_TIMESTAMP COMMENT 'æ›´æ–°æ—¶é—´',
  `deleted` tinyint DEFAULT '0' COMMENT 'åˆ é™¤æ ‡è®°',
  PRIMARY KEY (`id`),
  UNIQUE KEY `role_code` (`role_code`)
) ENGINE=InnoDB AUTO_INCREMENT=9 DEFAULT CHARSET=utf8mb4 COLLATE=utf8mb4_0900_ai_ci COMMENT='è§’è‰²è¡¨';
/*!40101 SET character_set_client = @saved_cs_client */;

--
-- Dumping data for table `sys_role`
--

LOCK TABLES `sys_role` WRITE;
/*!40000 ALTER TABLE `sys_role` DISABLE KEYS */;
INSERT INTO `sys_role` VALUES (1,'ADMIN','系统管理员','',1,'2026-03-17 15:18:07','2026-03-17 17:27:57',0),(2,'6001','we','',1,'2026-03-17 15:57:10','2026-03-17 17:45:54',1),(3,'003','实验中心主任','',1,'2026-03-17 17:05:48','2026-03-17 17:05:48',0),(4,'005','实验中心管理人员','',1,'2026-03-17 17:28:20','2026-03-17 17:28:20',0),(5,'006','教师','',1,'2026-03-17 17:28:46','2026-03-17 17:28:46',0),(6,'001','学院院长','',1,'2026-03-17 17:46:12','2026-03-17 17:46:12',0),(7,'002','学院副院长','',1,'2026-03-17 17:46:20','2026-03-17 17:46:20',0),(8,'008','学生','',1,'2026-03-17 21:25:29','2026-03-17 21:25:29',0);
/*!40000 ALTER TABLE `sys_role` ENABLE KEYS */;
UNLOCK TABLES;

--
-- Table structure for table `sys_role_permission`
--

DROP TABLE IF EXISTS `sys_role_permission`;
/*!40101 SET @saved_cs_client     = @@character_set_client */;
/*!50503 SET character_set_client = utf8mb4 */;
CREATE TABLE `sys_role_permission` (
  `id` bigint NOT NULL AUTO_INCREMENT COMMENT 'ID',
  `role_id` bigint NOT NULL COMMENT 'è§’è‰²ID',
  `permission_id` bigint NOT NULL COMMENT 'æƒé™ID',
  `created_time` datetime DEFAULT CURRENT_TIMESTAMP COMMENT 'åˆ›å»ºæ—¶é—´',
  PRIMARY KEY (`id`),
  UNIQUE KEY `uk_role_permission` (`role_id`,`permission_id`),
  KEY `idx_role_id` (`role_id`),
  KEY `idx_permission_id` (`permission_id`)
) ENGINE=InnoDB AUTO_INCREMENT=182 DEFAULT CHARSET=utf8mb4 COLLATE=utf8mb4_0900_ai_ci COMMENT='è§’è‰²æƒé™å…³è”è¡¨';
/*!40101 SET character_set_client = @saved_cs_client */;

--
-- Dumping data for table `sys_role_permission`
--

LOCK TABLES `sys_role_permission` WRITE;
/*!40000 ALTER TABLE `sys_role_permission` DISABLE KEYS */;
INSERT INTO `sys_role_permission` VALUES (1,1,1,'2026-03-17 21:18:58'),(2,1,2,'2026-03-17 21:18:58'),(3,1,3,'2026-03-17 21:18:58'),(4,1,4,'2026-03-17 21:18:58'),(5,1,5,'2026-03-17 21:18:58'),(6,1,6,'2026-03-17 21:18:58'),(7,1,7,'2026-03-17 21:18:58'),(8,1,8,'2026-03-17 21:18:58'),(9,1,9,'2026-03-17 21:18:58'),(10,1,10,'2026-03-17 21:18:58'),(11,1,11,'2026-03-17 21:59:53'),(12,1,12,'2026-03-17 21:59:53'),(13,1,13,'2026-03-17 21:59:53'),(14,1,14,'2026-03-17 21:59:53'),(15,1,15,'2026-03-17 21:59:53'),(16,1,16,'2026-03-17 21:59:53'),(33,5,13,'2026-03-17 22:09:00'),(34,5,12,'2026-03-17 22:09:00'),(35,1,17,'2026-03-17 22:22:03'),(36,1,18,'2026-03-17 22:22:03'),(37,1,19,'2026-03-17 22:22:03'),(40,5,18,'2026-03-17 22:22:03'),(41,6,18,'2026-03-17 22:22:03'),(42,7,18,'2026-03-17 22:22:03'),(43,8,18,'2026-03-17 22:22:03'),(46,5,19,'2026-03-17 22:22:03'),(47,6,19,'2026-03-17 22:22:03'),(48,7,19,'2026-03-17 22:22:03'),(49,8,19,'2026-03-17 22:22:03'),(60,1,20,'2026-03-17 22:39:16'),(61,1,21,'2026-03-17 22:39:16'),(62,1,22,'2026-03-17 22:39:16'),(63,1,23,'2026-03-17 22:39:16'),(64,1,24,'2026-03-17 22:39:16'),(65,4,12,'2026-03-17 22:50:11'),(66,4,13,'2026-03-17 22:50:11'),(67,4,14,'2026-03-17 22:50:11'),(68,4,15,'2026-03-17 22:50:11'),(69,4,16,'2026-03-17 22:50:11'),(70,4,20,'2026-03-17 22:50:11'),(71,4,21,'2026-03-17 22:50:11'),(72,4,22,'2026-03-17 22:50:11'),(73,4,23,'2026-03-17 22:50:11'),(74,4,24,'2026-03-17 22:50:11'),(75,4,17,'2026-03-17 22:50:11'),(76,4,18,'2026-03-17 22:50:11'),(77,4,19,'2026-03-17 22:50:11'),(126,3,11,'2026-03-17 23:36:01'),(127,3,1,'2026-03-17 23:36:01'),(128,3,2,'2026-03-17 23:36:01'),(129,3,3,'2026-03-17 23:36:01'),(130,3,4,'2026-03-17 23:36:01'),(131,3,5,'2026-03-17 23:36:01'),(132,3,6,'2026-03-17 23:36:01'),(133,3,7,'2026-03-17 23:36:01'),(134,3,8,'2026-03-17 23:36:01'),(135,3,9,'2026-03-17 23:36:01'),(136,3,10,'2026-03-17 23:36:01'),(137,3,12,'2026-03-17 23:36:01'),(138,3,13,'2026-03-17 23:36:01'),(139,3,14,'2026-03-17 23:36:01'),(140,3,15,'2026-03-17 23:36:01'),(141,3,16,'2026-03-17 23:36:01'),(142,3,20,'2026-03-17 23:36:01'),(143,3,21,'2026-03-17 23:36:01'),(144,3,22,'2026-03-17 23:36:01'),(145,3,23,'2026-03-17 23:36:01'),(146,3,24,'2026-03-17 23:36:01'),(147,3,17,'2026-03-17 23:36:01'),(148,3,18,'2026-03-17 23:36:01'),(149,3,19,'2026-03-17 23:36:01'),(150,1,25,'2026-03-18 00:11:30'),(151,1,26,'2026-03-18 00:11:30'),(152,1,27,'2026-03-18 00:11:30'),(153,1,28,'2026-03-18 00:11:30'),(154,1,29,'2026-03-18 00:11:30'),(155,1,30,'2026-03-18 00:11:30'),(156,1,31,'2026-03-18 00:11:30'),(157,1,32,'2026-03-18 00:11:30'),(158,1,33,'2026-03-18 00:11:30'),(159,3,25,'2026-03-18 00:11:30'),(160,3,26,'2026-03-18 00:11:30'),(161,3,27,'2026-03-18 00:11:30'),(162,3,28,'2026-03-18 00:11:30'),(163,3,29,'2026-03-18 00:11:30'),(164,3,30,'2026-03-18 00:11:30'),(165,3,31,'2026-03-18 00:11:30'),(166,3,32,'2026-03-18 00:11:30'),(167,3,33,'2026-03-18 00:11:30'),(168,4,25,'2026-03-18 00:11:30'),(169,4,26,'2026-03-18 00:11:30'),(170,4,27,'2026-03-18 00:11:30'),(171,4,28,'2026-03-18 00:11:30'),(172,4,29,'2026-03-18 00:11:30'),(173,4,30,'2026-03-18 00:11:30'),(174,4,31,'2026-03-18 00:11:30'),(175,4,32,'2026-03-18 00:11:30'),(176,4,33,'2026-03-18 00:11:30'),(177,1,34,'2026-03-18 10:09:28'),(178,1,35,'2026-03-18 10:09:29'),(179,1,36,'2026-03-18 10:09:29'),(180,1,37,'2026-03-18 10:09:29'),(181,1,38,'2026-03-18 10:09:29');
/*!40000 ALTER TABLE `sys_role_permission` ENABLE KEYS */;
UNLOCK TABLES;

--
-- Table structure for table `sys_user`
--

DROP TABLE IF EXISTS `sys_user`;
/*!40101 SET @saved_cs_client     = @@character_set_client */;
/*!50503 SET character_set_client = utf8mb4 */;
CREATE TABLE `sys_user` (
  `id` bigint NOT NULL AUTO_INCREMENT COMMENT 'ç”¨æˆ·ID',
  `username` varchar(50) NOT NULL COMMENT 'ç”¨æˆ·å',
  `password` varchar(255) NOT NULL COMMENT 'å¯†ç (åŠ å¯†)',
  `real_name` varchar(50) NOT NULL COMMENT 'çœŸå®žå§“å',
  `phone` varchar(20) DEFAULT NULL COMMENT 'æ‰‹æœºå·',
  `email` varchar(100) DEFAULT NULL COMMENT 'é‚®ç®±',
  `user_type` tinyint NOT NULL COMMENT 'ç”¨æˆ·ç±»åž‹:1-ç®¡ç†å‘˜,2-æ•™å¸ˆ,3-å­¦ç”Ÿ',
  `department` varchar(100) DEFAULT NULL COMMENT 'æ‰€å±žéƒ¨é—¨',
  `status` tinyint DEFAULT '1' COMMENT 'çŠ¶æ€:0-ç¦ç”¨,1-å¯ç”¨',
  `safety_cert_status` tinyint DEFAULT '0' COMMENT 'å®‰å…¨èµ„è´¨:0-æœªè®¤è¯,1-å·²è®¤è¯',
  `safety_cert_expire_date` date DEFAULT NULL COMMENT 'å®‰å…¨èµ„è´¨åˆ°æœŸæ—¥æœŸ',
  `created_by` bigint DEFAULT NULL COMMENT 'åˆ›å»ºäºº',
  `created_time` datetime DEFAULT CURRENT_TIMESTAMP COMMENT 'åˆ›å»ºæ—¶é—´',
  `updated_by` bigint DEFAULT NULL COMMENT 'æ›´æ–°äºº',
  `updated_time` datetime DEFAULT CURRENT_TIMESTAMP ON UPDATE CURRENT_TIMESTAMP COMMENT 'æ›´æ–°æ—¶é—´',
  `deleted` tinyint DEFAULT '0' COMMENT 'åˆ é™¤æ ‡è®°:0-æœªåˆ é™¤,1-å·²åˆ é™¤',
  PRIMARY KEY (`id`),
  UNIQUE KEY `username` (`username`),
  KEY `idx_username` (`username`),
  KEY `idx_user_type` (`user_type`),
  KEY `idx_status` (`status`)
) ENGINE=InnoDB AUTO_INCREMENT=10 DEFAULT CHARSET=utf8mb4 COLLATE=utf8mb4_0900_ai_ci COMMENT='ç”¨æˆ·è¡¨';
/*!40101 SET character_set_client = @saved_cs_client */;

--
-- Dumping data for table `sys_user`
--

LOCK TABLES `sys_user` WRITE;
/*!40000 ALTER TABLE `sys_user` DISABLE KEYS */;
INSERT INTO `sys_user` VALUES (1,'admin','$2a$10$f/dwSmH8z8jE494vt4L01uISWrtWP/bo1EVQuwOwkaEXMnlmOZRyS','系统管理员','18600008204','huoda@hlbec.edu.cn',1,'农学院',1,1,NULL,NULL,'2026-03-17 15:18:07',NULL,'2026-03-17 17:45:11',0),(2,'zhangsan','$2a$10$sowIA2uJZ/YGDuMeXVb2k.i1LCe2wAPb.5m.T4F2aRkHiHupMD6GK','张三','','',2,'',1,0,NULL,NULL,'2026-03-17 17:27:27',NULL,'2026-03-17 22:07:55',1),(3,'kalami','$2a$10$0gxLCLb6br6VaCrFfKqW7OjPWR0.MZQwncJ8usBtZB5aBZ.ZmSbqy','卡拉米','','',2,'',1,0,NULL,NULL,'2026-03-17 21:46:54',NULL,'2026-03-17 21:46:54',0),(4,'user1','$2a$10$.D8z7yqW6VzHiTEdx//ljOxjrUdBvNZsc0BsAid5MtHTgrr2Um1NO','大侠','','',2,'',1,0,NULL,NULL,'2026-03-17 23:31:16',NULL,'2026-03-17 23:33:06',1),(8,'user2','$2a$10$lJpcezUGeQQtLybJQnpLCOyCbUukYpZ9pA11mltv.UYcI56z2fSyW','大侠2','','',2,'',1,0,NULL,NULL,'2026-03-17 23:34:48',NULL,'2026-03-17 23:34:48',0);
/*!40000 ALTER TABLE `sys_user` ENABLE KEYS */;
UNLOCK TABLES;

--
-- Table structure for table `sys_user_role`
--

DROP TABLE IF EXISTS `sys_user_role`;
/*!40101 SET @saved_cs_client     = @@character_set_client */;
/*!50503 SET character_set_client = utf8mb4 */;
CREATE TABLE `sys_user_role` (
  `id` bigint NOT NULL AUTO_INCREMENT COMMENT 'ID',
  `user_id` bigint NOT NULL COMMENT 'ç”¨æˆ·ID',
  `role_id` bigint NOT NULL COMMENT 'è§’è‰²ID',
  `created_time` datetime DEFAULT CURRENT_TIMESTAMP COMMENT 'åˆ›å»ºæ—¶é—´',
  PRIMARY KEY (`id`),
  UNIQUE KEY `uk_user_role` (`user_id`,`role_id`),
  KEY `idx_user_id` (`user_id`),
  KEY `idx_role_id` (`role_id`)
) ENGINE=InnoDB AUTO_INCREMENT=16 DEFAULT CHARSET=utf8mb4 COLLATE=utf8mb4_0900_ai_ci COMMENT='ç”¨æˆ·è§’è‰²å…³è”è¡¨';
/*!40101 SET character_set_client = @saved_cs_client */;

--
-- Dumping data for table `sys_user_role`
--

LOCK TABLES `sys_user_role` WRITE;
/*!40000 ALTER TABLE `sys_user_role` DISABLE KEYS */;
INSERT INTO `sys_user_role` VALUES (2,1,1,'2026-03-17 16:12:40'),(7,2,5,'2026-03-17 22:07:38'),(8,2,4,'2026-03-17 22:07:38'),(9,3,5,'2026-03-17 22:08:00'),(10,3,4,'2026-03-17 22:08:00'),(12,4,3,'2026-03-17 23:32:21'),(14,8,3,'2026-03-17 23:48:41'),(15,8,5,'2026-03-17 23:48:41');
/*!40000 ALTER TABLE `sys_user_role` ENABLE KEYS */;
UNLOCK TABLES;

--
-- Table structure for table `warehouse`
--

DROP TABLE IF EXISTS `warehouse`;
/*!40101 SET @saved_cs_client     = @@character_set_client */;
/*!50503 SET character_set_client = utf8mb4 */;
CREATE TABLE `warehouse` (
  `id` bigint NOT NULL AUTO_INCREMENT COMMENT 'ä»“åº“ID',
  `warehouse_code` varchar(50) NOT NULL COMMENT 'ä»“åº“ç¼–ç ',
  `warehouse_name` varchar(100) NOT NULL COMMENT 'ä»“åº“åç§°',
  `warehouse_type` tinyint NOT NULL COMMENT 'ä»“åº“ç±»åž‹:1-æ™®é€šä»“åº“,2-å±åŒ–å“ä»“åº“',
  `location` varchar(200) DEFAULT NULL COMMENT 'ä½ç½®',
  `manager_id` bigint DEFAULT NULL COMMENT 'è´Ÿè´£äººID',
  `status` tinyint DEFAULT '1' COMMENT 'çŠ¶æ€:0-åœç”¨,1-å¯ç”¨',
  `created_time` datetime DEFAULT CURRENT_TIMESTAMP COMMENT 'åˆ›å»ºæ—¶é—´',
  `updated_time` datetime DEFAULT CURRENT_TIMESTAMP ON UPDATE CURRENT_TIMESTAMP COMMENT 'æ›´æ–°æ—¶é—´',
  `deleted` tinyint DEFAULT '0' COMMENT 'åˆ é™¤æ ‡è®°:0-æœªåˆ é™¤,1-å·²åˆ é™¤',
  PRIMARY KEY (`id`),
  UNIQUE KEY `warehouse_code` (`warehouse_code`),
  KEY `idx_warehouse_code` (`warehouse_code`),
  KEY `idx_warehouse_type` (`warehouse_type`)
) ENGINE=InnoDB AUTO_INCREMENT=5 DEFAULT CHARSET=utf8mb4 COLLATE=utf8mb4_0900_ai_ci COMMENT='ä»“åº“è¡¨';
/*!40101 SET character_set_client = @saved_cs_client */;

--
-- Dumping data for table `warehouse`
--

LOCK TABLES `warehouse` WRITE;
/*!40000 ALTER TABLE `warehouse` DISABLE KEYS */;
INSERT INTO `warehouse` VALUES (1,'WH001','ä¸»ä»“åº“',1,'å®žéªŒæ¥¼1å±‚',NULL,1,'2026-03-17 16:04:32','2026-03-17 17:23:44',1),(2,'WH002','å±åŒ–å“ä»“åº“',2,'å®žéªŒæ¥¼åœ°ä¸‹1å±‚',NULL,1,'2026-03-17 16:04:32','2026-03-17 17:23:46',1),(3,'WHTEST171353','????',1,'????',NULL,1,NULL,'2026-03-17 17:13:53',1),(4,'WH003','2楼药品库',1,'',NULL,1,NULL,NULL,0);
/*!40000 ALTER TABLE `warehouse` ENABLE KEYS */;
UNLOCK TABLES;

--
-- Dumping routines for database 'lab_management'
--
/*!40103 SET TIME_ZONE=@OLD_TIME_ZONE */;

/*!40101 SET SQL_MODE=@OLD_SQL_MODE */;
/*!40014 SET FOREIGN_KEY_CHECKS=@OLD_FOREIGN_KEY_CHECKS */;
/*!40014 SET UNIQUE_CHECKS=@OLD_UNIQUE_CHECKS */;
/*!40101 SET CHARACTER_SET_CLIENT=@OLD_CHARACTER_SET_CLIENT */;
/*!40101 SET CHARACTER_SET_RESULTS=@OLD_CHARACTER_SET_RESULTS */;
/*!40101 SET COLLATION_CONNECTION=@OLD_COLLATION_CONNECTION */;
/*!40111 SET SQL_NOTES=@OLD_SQL_NOTES */;

-- Dump completed on 2026-03-18 14:16:33
